,feature_name
AVP,AVP
BCORL1,BCORL1
RBM47,RBM47
SMG7,SMG7
TTC38,TTC38
SPRY1,SPRY1
ZNF778,ZNF778
ITGB8,ITGB8
USP4,USP4
FANCD2,FANCD2
AHR,AHR
LINC01781,LINC01781
ERVK3-1,ERVK3-1
ATF4,ATF4
SMAP2,SMAP2
SSH3,SSH3
SGIP1,SGIP1
ANKRD28,ANKRD28
DDX39A,DDX39A
CEP19,CEP19
HNRNPA1L2,HNRNPA1L2
SLC16A13,SLC16A13
LTC4S,LTC4S
MT-ND3,MT-ND3
TIMP3,TIMP3
PRPF8,PRPF8
RPS15A,RPS15A
ATP1B3,ATP1B3
RASGRP4,RASGRP4
EIF4ENIF1,EIF4ENIF1
NFIL3,NFIL3
PRRT1,PRRT1
HMCES,HMCES
MMUT,MMUT
COL18A1,COL18A1
ANKS1B,ANKS1B
CHI3L2,CHI3L2
RTF2,RTF2
HIC1,HIC1
NUP58,NUP58
NPL,NPL
GKAP1,GKAP1
IL12RB1,IL12RB1
FGL2,FGL2
CASP5,CASP5
HEY2,HEY2
NKG7,NKG7
C1S,C1S
CYP2E1,CYP2E1
EZR,EZR
RNF14,RNF14
GASK1B,GASK1B
SLC27A2,SLC27A2
RIMS3,RIMS3
MGLL,MGLL
NUAK2,NUAK2
MGP,MGP
TRBV7-3,TRBV7-3
APC,APC
NT5C3A,NT5C3A
RPL36A,RPL36A
IGKV3-20,IGKV3-20
SH3BP5,SH3BP5
ABHD17C,ABHD17C
CDADC1,CDADC1
IRGM,IRGM
ARAP3,ARAP3
HTRA1,HTRA1
BCL2L11,BCL2L11
FAM8A1,FAM8A1
PHF21A,PHF21A
TRBV6-2,TRBV6-2
TMPRSS3,TMPRSS3
ABRA,ABRA
PATJ,PATJ
AMPD2,AMPD2
TMEM260,TMEM260
NLRP12,NLRP12
PRL,PRL
MGAT5,MGAT5
OLFML2B,OLFML2B
SPRED2,SPRED2
ACTN3,ACTN3
IGLV3-1,IGLV3-1
POLD4,POLD4
SLC25A39,SLC25A39
TSNARE1,TSNARE1
AIF1,AIF1
PHLDA1,PHLDA1
RPS6KB2,RPS6KB2
SH2D6,SH2D6
ALCAM,ALCAM
CCL3L3,CCL3L3
EPAS1,EPAS1
GCNA,GCNA
SCIN,SCIN
MYC,MYC
RACGAP1,RACGAP1
OSBPL2,OSBPL2
HTR2B,HTR2B
UPK3BL1,UPK3BL1
KDM4B,KDM4B
CNRIP1,CNRIP1
BTG3,BTG3
SGPP2,SGPP2
CD8A,CD8A
TGM2,TGM2
LGALS12,LGALS12
PLEKHG6,PLEKHG6
YPEL5,YPEL5
UBN1,UBN1
ACTB,ACTB
TANC1,TANC1
ADGRD1,ADGRD1
CRHBP,CRHBP
SERPINB10,SERPINB10
ACOT7,ACOT7
HBM,HBM
TARS2,TARS2
DUT,DUT
HK3,HK3
TTC22,TTC22
ANKRD34B,ANKRD34B
MAMLD1,MAMLD1
LCNL1,LCNL1
PRB3,PRB3
GNG7,GNG7
TACC3,TACC3
ABCC1,ABCC1
S100A10,S100A10
BCAS2,BCAS2
IGHG2,IGHG2
MFAP4,MFAP4
DONSON,DONSON
POLG,POLG
TRBV15,TRBV15
KLF2,KLF2
SMAD1,SMAD1
ZNF106,ZNF106
LGALS3BP,LGALS3BP
RCVRN,RCVRN
S100P,S100P
FHL2,FHL2
ZDHHC17,ZDHHC17
LINC01644,LINC01644
D2HGDH,D2HGDH
SMAD7,SMAD7
GLYATL2,GLYATL2
CDKN1C,CDKN1C
PLCB1,PLCB1
FUT7,FUT7
NTNG2,NTNG2
KMT5A,KMT5A
HMGB2,HMGB2
PITPNC1,PITPNC1
RBL2,RBL2
HSDL2,HSDL2
CPVL,CPVL
IGHV1-69D,IGHV1-69D
ZNF365,ZNF365
FKBP11,FKBP11
LRRC34,LRRC34
TMOD1,TMOD1
C5AR2,C5AR2
OLR1,OLR1
PTGS2,PTGS2
SH2D1B,SH2D1B
PELO,PELO
NCF4,NCF4
RNASE4,RNASE4
TAF11,TAF11
SHANK2,SHANK2
TCHH,TCHH
CTDSPL,CTDSPL
ITGB5,ITGB5
EVA1A,EVA1A
INSIG1,INSIG1
SLC24A3,SLC24A3
GYS1,GYS1
F2R,F2R
SPOP,SPOP
PRG2,PRG2
BEST4,BEST4
CCDC65,CCDC65
ZFYVE9,ZFYVE9
DRC7,DRC7
PBX2,PBX2
KLF6,KLF6
RAB3D,RAB3D
EBLN2,EBLN2
BAIAP2L1,BAIAP2L1
BNC2,BNC2
ZBTB7B,ZBTB7B
NMI,NMI
TMEM52B,TMEM52B
CEP55,CEP55
SLC26A5,SLC26A5
KLF10,KLF10
NLRP6,NLRP6
SGSM1,SGSM1
BNIP3L,BNIP3L
GJB6,GJB6
ACSBG1,ACSBG1
NEGR1,NEGR1
S100PBP,S100PBP
IGHV3-53,IGHV3-53
B3GNT5,B3GNT5
CKS2,CKS2
CSKMT,CSKMT
APLP2,APLP2
SMIM18,SMIM18
FNIP2,FNIP2
ADGRE3,ADGRE3
IL2,IL2
PROM1,PROM1
CHRNA10,CHRNA10
CADM2,CADM2
KIF22,KIF22
SNX13,SNX13
C4BPB,C4BPB
DNAJB4,DNAJB4
BAZ2B,BAZ2B
PTPN4,PTPN4
JUND,JUND
SEC14L5,SEC14L5
CD8B,CD8B
MECP2,MECP2
CA6,CA6
PRKCQ,PRKCQ
MLXIPL,MLXIPL
TYW1,TYW1
PLEKHG3,PLEKHG3
FAM217B,FAM217B
PRELP,PRELP
LINC02608,LINC02608
STXBP6,STXBP6
STRADB,STRADB
RGL4,RGL4
GPX2,GPX2
CA1,CA1
LRRC32,LRRC32
TDRP,TDRP
TPT1,TPT1
CLEC12A,CLEC12A
PPP4R1,PPP4R1
GYPE,GYPE
ZNF92,ZNF92
KCNAB2,KCNAB2
IP6K2,IP6K2
AP3B2,AP3B2
NAPB,NAPB
XCL1,XCL1
NUCB2,NUCB2
CD302,CD302
SLC35F2,SLC35F2
CETN2,CETN2
SPRED1,SPRED1
SEZ6,SEZ6
PTPN12,PTPN12
TNFSF15,TNFSF15
CDHR2,CDHR2
LYPD2,LYPD2
PLVAP,PLVAP
APEX2,APEX2
CHCHD6,CHCHD6
TXN,TXN
OLFML2A,OLFML2A
TRBV28,TRBV28
EPHX4,EPHX4
SULT1C2,SULT1C2
PTGER4,PTGER4
NFE2L2,NFE2L2
B4GALT6,B4GALT6
FABP3,FABP3
SRGAP2,SRGAP2
CLEC5A,CLEC5A
KCNH3,KCNH3
ATP1A2,ATP1A2
RASGRP3,RASGRP3
CBX1,CBX1
TMEM158,TMEM158
DSE,DSE
SGO2,SGO2
TSPAN5,TSPAN5
TSPAN4,TSPAN4
ERG,ERG
LAG3,LAG3
SLC15A4,SLC15A4
RNF213,RNF213
RXRA,RXRA
NUSAP1,NUSAP1
SMKR1,SMKR1
BORCS8,BORCS8
PKD1L1,PKD1L1
CISH,CISH
RASSF2,RASSF2
TYROBP,TYROBP
MANF,MANF
MMD,MMD
LINC01215,LINC01215
ACTA1,ACTA1
NEB,NEB
GSTM2,GSTM2
ASTL,ASTL
LEAP2,LEAP2
CPS1,CPS1
RP2,RP2
CREG1,CREG1
GDE1,GDE1
GNG8,GNG8
MRPL1,MRPL1
SPATA2L,SPATA2L
PLIN5,PLIN5
DENND2D,DENND2D
TLE6,TLE6
IL4,IL4
LTK,LTK
ATP13A3,ATP13A3
OGN,OGN
VCL,VCL
RECK,RECK
CYP1B1,CYP1B1
THSD1,THSD1
SLPI,SLPI
STAB1,STAB1
TBC1D19,TBC1D19
TNS1,TNS1
TRAV12-2,TRAV12-2
FAM83D,FAM83D
DST,DST
AOC2,AOC2
AMOTL1,AMOTL1
GCNT1,GCNT1
LMNA,LMNA
YWHAH,YWHAH
FAM193B,FAM193B
SECTM1,SECTM1
IGFBP6,IGFBP6
PF4,PF4
RBBP8,RBBP8
IVNS1ABP,IVNS1ABP
ENAH,ENAH
TPST1,TPST1
PIM1,PIM1
PRNP,PRNP
GXYLT1,GXYLT1
ACOX1,ACOX1
ZNF425,ZNF425
FOSL1,FOSL1
RHBDF2,RHBDF2
IGHG1,IGHG1
FBXO2,FBXO2
LINC01393,LINC01393
IGKV1-16,IGKV1-16
LY6K,LY6K
NR5A2,NR5A2
PPM1A,PPM1A
ESAM,ESAM
RNF212,RNF212
SUPV3L1,SUPV3L1
TMCC1,TMCC1
MSH6,MSH6
GRIN3B,GRIN3B
EXOC6B,EXOC6B
HLA-DMB,HLA-DMB
LINC00954,LINC00954
ZC3H8,ZC3H8
UBR2,UBR2
PLBD1,PLBD1
DPH1,DPH1
LINC02397,LINC02397
CLEC10A,CLEC10A
MICAL1,MICAL1
TRBC1,TRBC1
TMEM176A,TMEM176A
AKR1C2,AKR1C2
PCNA,PCNA
CLTCL1,CLTCL1
TNFSF8,TNFSF8
HSD17B12,HSD17B12
FBN1,FBN1
NAV3,NAV3
AMY2B,AMY2B
SP140,SP140
ABCA2,ABCA2
RERE,RERE
MYH11,MYH11
ADARB2,ADARB2
SNX9,SNX9
ZNF117,ZNF117
PHKA2,PHKA2
POU3F1,POU3F1
PDZD4,PDZD4
PAWR,PAWR
GPI,GPI
MAP1LC3A,MAP1LC3A
SLC25A34,SLC25A34
SMIM14,SMIM14
KCNJ13,KCNJ13
FPR3,FPR3
TKTL1,TKTL1
KIF13A,KIF13A
ASAH1,ASAH1
CHST12,CHST12
GP9,GP9
HOXB4,HOXB4
PLIN2,PLIN2
TPSAB1,TPSAB1
ALDOB,ALDOB
TRIM63,TRIM63
NDC1,NDC1
NFATC2,NFATC2
UBE2S,UBE2S
SLC22A15,SLC22A15
CABP5,CABP5
OSER1,OSER1
GNAI1,GNAI1
ZNF584,ZNF584
HES1,HES1
FCRL2,FCRL2
BNIP3,BNIP3
MYZAP,MYZAP
ANPEP,ANPEP
LINC00402,LINC00402
KLHDC1,KLHDC1
RNF19A,RNF19A
ULK1,ULK1
CCNE2,CCNE2
CDC14A,CDC14A
DLGAP4,DLGAP4
LGALS2,LGALS2
GFI1,GFI1
FXR2,FXR2
P2RX5,P2RX5
HLA-DQA1,HLA-DQA1
NEK1,NEK1
AP1S3,AP1S3
NCKAP5L,NCKAP5L
ERN1,ERN1
CEACAM3,CEACAM3
LINC01973,LINC01973
CHIT1,CHIT1
BFSP2,BFSP2
SPATS2,SPATS2
SPTLC2,SPTLC2
RBM24,RBM24
B3GAT1,B3GAT1
IGFBP3,IGFBP3
LINC02084,LINC02084
BEND7,BEND7
AMPH,AMPH
GJC1,GJC1
CHML,CHML
PIWIL2,PIWIL2
FLT3,FLT3
LRRC74B,LRRC74B
IGFBP2,IGFBP2
SPIB,SPIB
SLC16A1,SLC16A1
BOLA2,BOLA2
LTA,LTA
PARVB,PARVB
PPM1N,PPM1N
JAK3,JAK3
FCN1,FCN1
ADRB1,ADRB1
DOCK7,DOCK7
MEG8,MEG8
TRAV21,TRAV21
LINC00943,LINC00943
DDX60L,DDX60L
CYFIP1,CYFIP1
NFASC,NFASC
FAM166B,FAM166B
GIMAP5,GIMAP5
CAVIN1,CAVIN1
SLC12A2,SLC12A2
NFKB2,NFKB2
MIB2,MIB2
USP39,USP39
TALDO1,TALDO1
CD5,CD5
ZFP36L1,ZFP36L1
SLC5A3,SLC5A3
TM4SF19,TM4SF19
PRMT9,PRMT9
LINC02422,LINC02422
XBP1,XBP1
HECW2,HECW2
AVIL,AVIL
LIPH,LIPH
ASB2,ASB2
CHI3L1,CHI3L1
SGMS1,SGMS1
TOM1,TOM1
ANK3,ANK3
CXCL11,CXCL11
PLPP5,PLPP5
ZBTB18,ZBTB18
BAHD1,BAHD1
DNMT3B,DNMT3B
KPTN,KPTN
MYBPC2,MYBPC2
ATF7IP2,ATF7IP2
MCM2,MCM2
P2RX7,P2RX7
LAPTM4B,LAPTM4B
HSPB1,HSPB1
BIRC5,BIRC5
KIF14,KIF14
PTGDR2,PTGDR2
PLPP1,PLPP1
MAP7D3,MAP7D3
CD68,CD68
TREML1,TREML1
RGL1,RGL1
TAOK1,TAOK1
ITGAX,ITGAX
DENND5A,DENND5A
LBR,LBR
SPRYD3,SPRYD3
CKB,CKB
ACKR3,ACKR3
HMG20A,HMG20A
XIST,XIST
ZNF608,ZNF608
TRBV12-3,TRBV12-3
LRRC26,LRRC26
ALKBH1,ALKBH1
CCPG1,CCPG1
DOK5,DOK5
TBP,TBP
ARVCF,ARVCF
NMUR1,NMUR1
RNPC3,RNPC3
NT5M,NT5M
FKBP2,FKBP2
LINC02848,LINC02848
VEPH1,VEPH1
FCGBP,FCGBP
RPL13A,RPL13A
ASCL2,ASCL2
KCNG1,KCNG1
RGCC,RGCC
LRP10,LRP10
C1QB,C1QB
LGALS9B,LGALS9B
NLRC4,NLRC4
TNFRSF13C,TNFRSF13C
ZFR2,ZFR2
ANKRD36C,ANKRD36C
DBH,DBH
AP4B1,AP4B1
RPH3A,RPH3A
FOSL2,FOSL2
FOXD2,FOXD2
ODF2L,ODF2L
DLL3,DLL3
CYP4B1,CYP4B1
ZBTB40,ZBTB40
SEMA3D,SEMA3D
CYP4F8,CYP4F8
ITPRID2,ITPRID2
MYL2,MYL2
MT1H,MT1H
RAB13,RAB13
TRAV23DV6,TRAV23DV6
MAFG,MAFG
CD7,CD7
CD209,CD209
RSF1,RSF1
TNF,TNF
CD200,CD200
PPP1R16B,PPP1R16B
AP1G1,AP1G1
FCGR2A,FCGR2A
LCK,LCK
LINC01127,LINC01127
AGMAT,AGMAT
GBF1,GBF1
PTTG1IP,PTTG1IP
LYL1,LYL1
SLC9A8,SLC9A8
RAB32,RAB32
CDO1,CDO1
BATF,BATF
IL2RA,IL2RA
RAB36,RAB36
EZH1,EZH1
TMEM38A,TMEM38A
HOXA10,HOXA10
KCND3,KCND3
SBK1,SBK1
TNFSF13B,TNFSF13B
ATP9A,ATP9A
EPHB1,EPHB1
FAM9C,FAM9C
FAM169A,FAM169A
WDR3,WDR3
KLRC3,KLRC3
EYS,EYS
EDN1,EDN1
IGKV1-27,IGKV1-27
ITGAL,ITGAL
IGHV5-10-1,IGHV5-10-1
IPCEF1,IPCEF1
PHC2,PHC2
ACY3,ACY3
ERO1B,ERO1B
CA8,CA8
SLC22A18AS,SLC22A18AS
BMP7,BMP7
PNPLA6,PNPLA6
PTPN7,PTPN7
ZMYND10,ZMYND10
CTSW,CTSW
CLK1,CLK1
PDGFRA,PDGFRA
CCL19,CCL19
MS4A4E,MS4A4E
HRH2,HRH2
TRDV2,TRDV2
PM20D1,PM20D1
MARCO,MARCO
DDIT4,DDIT4
MAST2,MAST2
GSR,GSR
S1PR1,S1PR1
RIPOR3,RIPOR3
PLXNB2,PLXNB2
MYO1E,MYO1E
SNX20,SNX20
LILRB2,LILRB2
CTSV,CTSV
TRBV6-6,TRBV6-6
SLAMF8,SLAMF8
MFAP5,MFAP5
RHOT2,RHOT2
AURKA,AURKA
WDR74,WDR74
LANCL3,LANCL3
PPP1R3D,PPP1R3D
LINC00996,LINC00996
DRC1,DRC1
LMO2,LMO2
SLITRK5,SLITRK5
RNF130,RNF130
TSNAX,TSNAX
MRPS6,MRPS6
BOK,BOK
COL7A1,COL7A1
GNAL,GNAL
ZNF429,ZNF429
TECPR2,TECPR2
MSL3,MSL3
DERL3,DERL3
LCP1,LCP1
TNFRSF13B,TNFRSF13B
ADAM8,ADAM8
CFDP1,CFDP1
STRBP,STRBP
KLF4,KLF4
MYO1C,MYO1C
MON2,MON2
HIP1R,HIP1R
ZNF462,ZNF462
EVI2B,EVI2B
EEF1G,EEF1G
LINC00221,LINC00221
NBPF20,NBPF20
HSPA4L,HSPA4L
ZNF627,ZNF627
SPDYE3,SPDYE3
SCIMP,SCIMP
LIMCH1,LIMCH1
ZDHHC3,ZDHHC3
HSPA1B,HSPA1B
MS4A4A,MS4A4A
RNF10,RNF10
PLAAT3,PLAAT3
TMCC2,TMCC2
CTSB,CTSB
EMP1,EMP1
RHEB,RHEB
CCL4L2,CCL4L2
NRCAM,NRCAM
F2RL3,F2RL3
MT-ND4,MT-ND4
TSPYL1,TSPYL1
TMPRSS11E,TMPRSS11E
PCOLCE,PCOLCE
ART4,ART4
LILRA5,LILRA5
MYO15B,MYO15B
XK,XK
AP1S2,AP1S2
CCNF,CCNF
CCRL2,CCRL2
FXYD3,FXYD3
YES1,YES1
ASPH,ASPH
ITGA1,ITGA1
MAB21L3,MAB21L3
ECE1,ECE1
HSP90AA1,HSP90AA1
TUBB6,TUBB6
FTH1,FTH1
SMIM5,SMIM5
UHRF2,UHRF2
PACSIN3,PACSIN3
TEX9,TEX9
TRBV27,TRBV27
PDE4B,PDE4B
CCDC191,CCDC191
ORM2,ORM2
ZNF283,ZNF283
IGHV1-2,IGHV1-2
MAN2A2,MAN2A2
CERS5,CERS5
CHIC1,CHIC1
TP53I11,TP53I11
S100A4,S100A4
PTCH2,PTCH2
GHET1,GHET1
CCDC28B,CCDC28B
LPL,LPL
TNPO2,TNPO2
LAMB1,LAMB1
KLB,KLB
CCDC184,CCDC184
LCN8,LCN8
VSTM2B,VSTM2B
OLFML3,OLFML3
FOLR3,FOLR3
CLCN5,CLCN5
IMPACT,IMPACT
HERC2,HERC2
MMP1,MMP1
COL6A2,COL6A2
STMN1,STMN1
PPARG,PPARG
RNF138,RNF138
TMEM98,TMEM98
SCAMP1-AS1,SCAMP1-AS1
TSPO2,TSPO2
STEAP1B,STEAP1B
ID1,ID1
ENPP5,ENPP5
AURKB,AURKB
MAP1A,MAP1A
GTF2IRD2,GTF2IRD2
HCAR1,HCAR1
PTPRR,PTPRR
UNC13A,UNC13A
MEG3,MEG3
ZBTB20-AS5,ZBTB20-AS5
ABCG1,ABCG1
CD99L2,CD99L2
ADAP2,ADAP2
SRPK1,SRPK1
CCL4,CCL4
CD69,CD69
PNMT,PNMT
ETV5,ETV5
HSPE1,HSPE1
CTPS1,CTPS1
ZBTB16,ZBTB16
CERCAM,CERCAM
LXN,LXN
RAB33A,RAB33A
ZNF33A,ZNF33A
PLXDC1,PLXDC1
TCEAL2,TCEAL2
TSPAN3,TSPAN3
JAG1,JAG1
TNFSF4,TNFSF4
NDRG2,NDRG2
MIIP,MIIP
HEY1,HEY1
GPD1,GPD1
DHCR24,DHCR24
FAM107B,FAM107B
AURKC,AURKC
NT5E,NT5E
CEMIP2,CEMIP2
ABHD15,ABHD15
CD6,CD6
PLCH2,PLCH2
RGS20,RGS20
PLEKHM2,PLEKHM2
TXNDC16,TXNDC16
ARL4C,ARL4C
S100A12,S100A12
MT1M,MT1M
BEX5,BEX5
CLEC2D,CLEC2D
IRF4,IRF4
ATG2B,ATG2B
TNFSF14,TNFSF14
MCC,MCC
LRRC49,LRRC49
SCGB3A2,SCGB3A2
FMR1,FMR1
FHL1,FHL1
CNTNAP3B,CNTNAP3B
PTGDS,PTGDS
KREMEN2,KREMEN2
ZNF583,ZNF583
PLOD2,PLOD2
GIPR,GIPR
KSR2,KSR2
LINC01588,LINC01588
MAST3,MAST3
SGCE,SGCE
SYNGR1,SYNGR1
MTF1,MTF1
TUBB4B,TUBB4B
FAM222A,FAM222A
OPRM1,OPRM1
PLXNA4,PLXNA4
DUSP2,DUSP2
VEGFA,VEGFA
ELL3,ELL3
SETBP1,SETBP1
PLEKHA1,PLEKHA1
RHBDD2,RHBDD2
HAMP,HAMP
IGKV1-6,IGKV1-6
GMPR,GMPR
MMP9,MMP9
BCAS1,BCAS1
USP9Y,USP9Y
MCL1,MCL1
RNASE3,RNASE3
DBF4,DBF4
PRDM16,PRDM16
CD79B,CD79B
IGHG4,IGHG4
SYVN1,SYVN1
LINC00092,LINC00092
FCRL3,FCRL3
MYO10,MYO10
STXBP1,STXBP1
LINC00987,LINC00987
CACNA2D2,CACNA2D2
CES1,CES1
AQP1,AQP1
ERLIN1,ERLIN1
ZFHX3,ZFHX3
FKBP5,FKBP5
FTL,FTL
RASGEF1A,RASGEF1A
APOBEC3H,APOBEC3H
UACA,UACA
TRBV10-2,TRBV10-2
SNHG9,SNHG9
AICDA,AICDA
SYAP1,SYAP1
PKMYT1,PKMYT1
IRAK3,IRAK3
DAAM2,DAAM2
SPAG1,SPAG1
NSUN2,NSUN2
SLC35A3,SLC35A3
PMCH,PMCH
FRY,FRY
PIAS2,PIAS2
UBN2,UBN2
SERPINB9,SERPINB9
KCNAB3,KCNAB3
DCAF12,DCAF12
TSACC,TSACC
SIGLEC1,SIGLEC1
KL,KL
TUBB,TUBB
AGO4,AGO4
RPS29,RPS29
KYNU,KYNU
STMN3,STMN3
SURF1,SURF1
PLXND1,PLXND1
NOD2,NOD2
ARFGEF1,ARFGEF1
TMEM45B,TMEM45B
CYP27A1,CYP27A1
IGKV4-1,IGKV4-1
FCER2,FCER2
FZD5,FZD5
FGF18,FGF18
STAG3,STAG3
SLC2A1,SLC2A1
NEFM,NEFM
GPR82,GPR82
TLR10,TLR10
DAB2IP,DAB2IP
CFH,CFH
NGRN,NGRN
TMIGD2,TMIGD2
CTDSP1,CTDSP1
DRAXIN,DRAXIN
NDST3,NDST3
CDHR1,CDHR1
GK5,GK5
HAVCR1,HAVCR1
PCNX4,PCNX4
GDI1,GDI1
FBLN1,FBLN1
CRIM1,CRIM1
ZNF80,ZNF80
RESF1,RESF1
NAA15,NAA15
MBOAT7,MBOAT7
BMP6,BMP6
ATP2B4,ATP2B4
UCHL1,UCHL1
CCDC168,CCDC168
PARD6G,PARD6G
KMT2C,KMT2C
KIF2A,KIF2A
MEIOC,MEIOC
CNOT6L,CNOT6L
PLK1,PLK1
MAPK8IP3,MAPK8IP3
NRXN2,NRXN2
SELP,SELP
IGHE,IGHE
PVALB,PVALB
TOGARAM2,TOGARAM2
ABLIM3,ABLIM3
CSGALNACT1,CSGALNACT1
ZMIZ2,ZMIZ2
CP,CP
ATP2C2,ATP2C2
PLEKHA5,PLEKHA5
MYO5A,MYO5A
COMMD5,COMMD5
ARFGAP1,ARFGAP1
TRIM6,TRIM6
LRRC7,LRRC7
ZNF431,ZNF431
CBX4,CBX4
MSLN,MSLN
PLSCR2,PLSCR2
FGD4,FGD4
CD300E,CD300E
SARM1,SARM1
USP43,USP43
MYEOV,MYEOV
EIF4A3,EIF4A3
CELA1,CELA1
L3MBTL4,L3MBTL4
PLAAT2,PLAAT2
CTLA4,CTLA4
SLC16A11,SLC16A11
ESCO2,ESCO2
ARPC1B,ARPC1B
ADAMTS10,ADAMTS10
CYCS,CYCS
PPP2R5C,PPP2R5C
RFX2,RFX2
TNFAIP1,TNFAIP1
JAKMIP3,JAKMIP3
GRB2,GRB2
MIR222HG,MIR222HG
CASP3,CASP3
MT1F,MT1F
TRDV3,TRDV3
RPL41,RPL41
VAMP1,VAMP1
PITPNM2,PITPNM2
TRGC1,TRGC1
TBKBP1,TBKBP1
NRARP,NRARP
ARHGEF25,ARHGEF25
TNRC6C,TNRC6C
ATG16L2,ATG16L2
ACTG1,ACTG1
LAMA2,LAMA2
ALPK1,ALPK1
PTPN22,PTPN22
IGLV1-44,IGLV1-44
HGS,HGS
PLK3,PLK3
LINC00239,LINC00239
CD59,CD59
NETO2,NETO2
ZFAND2A,ZFAND2A
MT-CO2,MT-CO2
TMEM213,TMEM213
THEM5,THEM5
ARAP2,ARAP2
CLU,CLU
ABCA5,ABCA5
CA3,CA3
SYTL4,SYTL4
ADHFE1,ADHFE1
EREG,EREG
DES,DES
GABPB1,GABPB1
ELOVL7,ELOVL7
LIPG,LIPG
PPP2R2D,PPP2R2D
BTG2,BTG2
MAD2L1,MAD2L1
SIPA1L2,SIPA1L2
PAX5,PAX5
CADM1,CADM1
PRF1,PRF1
IGHV3-23,IGHV3-23
SLC5A5,SLC5A5
COLEC12,COLEC12
ARPC4,ARPC4
IDO1,IDO1
SFXN5,SFXN5
TMEM154,TMEM154
CRIP2,CRIP2
CDCA5,CDCA5
CXXC4,CXXC4
SPTBN1,SPTBN1
CDK12,CDK12
ITK,ITK
IRS2,IRS2
IFIT1B,IFIT1B
LINC02762,LINC02762
ID3,ID3
CADPS,CADPS
HIGD1B,HIGD1B
INPP5K,INPP5K
DNAAF1,DNAAF1
CHORDC1,CHORDC1
SLC25A37,SLC25A37
STRADA,STRADA
HKDC1,HKDC1
NUDT4,NUDT4
CLEC2B,CLEC2B
THEM4,THEM4
ZNF844,ZNF844
NUGGC,NUGGC
ENC1,ENC1
KIR3DL1,KIR3DL1
CSRNP1,CSRNP1
TSHZ3,TSHZ3
ALKAL2,ALKAL2
SAV1,SAV1
PLN,PLN
RHOH,RHOH
LEXM,LEXM
AFAP1,AFAP1
ETV1,ETV1
CA2,CA2
PLSCR1,PLSCR1
WFDC1,WFDC1
TIMD4,TIMD4
KCNN4,KCNN4
TMEM107,TMEM107
PICK1,PICK1
GLI1,GLI1
RASAL1,RASAL1
EGLN2,EGLN2
OSR2,OSR2
MIR3681HG,MIR3681HG
GLRX5,GLRX5
MTFP1,MTFP1
GREM2,GREM2
SLC13A5,SLC13A5
SC5D,SC5D
ATAD2,ATAD2
P2RY13,P2RY13
LAT2,LAT2
YPEL3,YPEL3
SUGCT,SUGCT
ATP7A,ATP7A
TRMU,TRMU
SPOCD1,SPOCD1
DCLRE1A,DCLRE1A
TERF2IP,TERF2IP
RCAN1,RCAN1
ITM2A,ITM2A
MSRB1,MSRB1
GPR160,GPR160
ADAP1,ADAP1
GAB1,GAB1
SPEG,SPEG
PPP1R16A,PPP1R16A
VMP1,VMP1
TUBA1B,TUBA1B
DHRS3,DHRS3
TRPM8,TRPM8
IL2RB,IL2RB
PRELID2,PRELID2
KIZ,KIZ
VAPA,VAPA
TGFA,TGFA
ZNF335,ZNF335
UBE2D1,UBE2D1
SGSH,SGSH
SP3,SP3
SRGN,SRGN
CCDC25,CCDC25
FBXO5,FBXO5
CUL5,CUL5
IFIT1,IFIT1
AGAP1,AGAP1
CDKN2C,CDKN2C
PRDM5,PRDM5
IGLV3-10,IGLV3-10
RGS16,RGS16
PTCH1,PTCH1
GALNT7,GALNT7
TMEM44,TMEM44
NINJ1,NINJ1
SAG,SAG
WTAP,WTAP
AARD,AARD
APBA2,APBA2
GAN,GAN
GFPT2,GFPT2
CBLB,CBLB
TIGD4,TIGD4
SH2D1A,SH2D1A
HOMER3,HOMER3
FABP5,FABP5
METTL24,METTL24
IGF1,IGF1
SERPINF1,SERPINF1
FRAT1,FRAT1
IL17RA,IL17RA
RNF13,RNF13
PCP2,PCP2
CENPM,CENPM
BANK1,BANK1
PTPRM,PTPRM
ACLY,ACLY
FXYD1,FXYD1
TUBA1C,TUBA1C
USP21,USP21
PMEL,PMEL
WDR97,WDR97
CGAS,CGAS
WDHD1,WDHD1
SCN2A,SCN2A
SPG11,SPG11
SIRPB2,SIRPB2
CLDND1,CLDND1
TPM2,TPM2
DIPK1C,DIPK1C
INPPL1,INPPL1
PITX1,PITX1
IL13RA1,IL13RA1
ARRDC1,ARRDC1
IGHG3,IGHG3
HBEGF,HBEGF
DENND2C,DENND2C
COL19A1,COL19A1
KDM1B,KDM1B
HSPH1,HSPH1
CHL1,CHL1
R3HDM4,R3HDM4
MECOM,MECOM
STYK1,STYK1
VPS13A,VPS13A
SYTL1,SYTL1
PDK3,PDK3
TLR5,TLR5
MEGF9,MEGF9
ILK,ILK
INAFM1,INAFM1
PALLD,PALLD
MYDGF,MYDGF
DOCK5,DOCK5
RHCE,RHCE
ANKZF1,ANKZF1
HLA-DRB1,HLA-DRB1
FCGR1A,FCGR1A
VIT,VIT
NR2F2,NR2F2
CTNNAL1,CTNNAL1
TRIM9,TRIM9
OPLAH,OPLAH
IGFBP7,IGFBP7
COQ7,COQ7
FOXP3,FOXP3
CD320,CD320
HEG1,HEG1
TOP2A,TOP2A
ICAM1,ICAM1
KIR3DL2,KIR3DL2
LINC02731,LINC02731
HERPUD1,HERPUD1
ATP6V0D1,ATP6V0D1
ITM2B,ITM2B
LDLRAP1,LDLRAP1
GBP5,GBP5
SFXN1,SFXN1
LRG1,LRG1
DUSP14,DUSP14
ACSM3,ACSM3
TRGV2,TRGV2
EMSY,EMSY
ABCB9,ABCB9
SULT1A1,SULT1A1
CCN3,CCN3
AOAH,AOAH
LCORL,LCORL
FSCN3,FSCN3
PDE3A,PDE3A
RPS4Y2,RPS4Y2
IGLV5-52,IGLV5-52
MAD2L2,MAD2L2
CD9,CD9
IGHD,IGHD
MAL,MAL
STXBP2,STXBP2
BSPRY,BSPRY
HCAR3,HCAR3
GSDME,GSDME
TM4SF1,TM4SF1
VNN1,VNN1
RENBP,RENBP
TRBV24-1,TRBV24-1
PTPN3,PTPN3
RPL32,RPL32
IER5L,IER5L
DOK3,DOK3
CACNA1H,CACNA1H
IGSF11,IGSF11
TRABD2A,TRABD2A
PDZD8,PDZD8
TRAV38-1,TRAV38-1
CCDC150,CCDC150
CTHRC1,CTHRC1
CAMK4,CAMK4
SNCA,SNCA
PPP1R3B,PPP1R3B
EBF1,EBF1
PRKCD,PRKCD
GAS2L1,GAS2L1
DCT,DCT
ARHGAP12,ARHGAP12
SYK,SYK
PROS1,PROS1
JUNB,JUNB
ARL11,ARL11
ST8SIA1,ST8SIA1
TRAF2,TRAF2
IFIT2,IFIT2
ADRA2A,ADRA2A
BLVRB,BLVRB
LINC00944,LINC00944
SEC61A2,SEC61A2
WFDC2,WFDC2
AZU1,AZU1
RCN3,RCN3
DCAF8,DCAF8
SERHL2,SERHL2
MCOLN1,MCOLN1
CNR1,CNR1
GOLGA3,GOLGA3
TCAP,TCAP
TES,TES
MTBP,MTBP
OSBPL5,OSBPL5
SPARC,SPARC
RORB,RORB
CEP63,CEP63
C20orf204,C20orf204
PDE4A,PDE4A
IL4I1,IL4I1
MVD,MVD
ITPRIPL1,ITPRIPL1
SVOPL,SVOPL
SCN3A,SCN3A
ICOS,ICOS
PCDH1,PCDH1
RAD51AP1,RAD51AP1
PLD4,PLD4
HECA,HECA
NFIA,NFIA
NFKBIZ,NFKBIZ
XIRP2,XIRP2
NBL1,NBL1
LINC01685,LINC01685
ZFP91,ZFP91
DCTN1,DCTN1
LRIG1,LRIG1
KLRD1,KLRD1
CACYBP,CACYBP
UNG,UNG
IGHV1-3,IGHV1-3
APOA1,APOA1
ALDOC,ALDOC
FBH1,FBH1
WNT3,WNT3
PRR4,PRR4
ZNF573,ZNF573
PKIB,PKIB
SOS2,SOS2
LINC01537,LINC01537
CDC42EP3,CDC42EP3
RGS1,RGS1
FBXL22,FBXL22
GNG4,GNG4
IFFO2,IFFO2
NIBAN1,NIBAN1
IQCH,IQCH
AACS,AACS
ZNF727,ZNF727
HEATR9,HEATR9
KRT18,KRT18
BCL3,BCL3
MAF,MAF
IGKV1-5,IGKV1-5
TUBGCP3,TUBGCP3
TRIM58,TRIM58
GATA6,GATA6
SMARCA4,SMARCA4
MED12L,MED12L
GPNMB,GPNMB
RTTN,RTTN
KLHL3,KLHL3
BFSP1,BFSP1
S100A9,S100A9
SH2D3A,SH2D3A
MAT2A,MAT2A
MT-CO3,MT-CO3
CHD2,CHD2
IGF2BP3,IGF2BP3
SLAMF6,SLAMF6
CD244,CD244
PDE4DIP,PDE4DIP
HCG27,HCG27
SLFN5,SLFN5
TRAPPC3L,TRAPPC3L
TAF3,TAF3
PLXDC2,PLXDC2
GZMB,GZMB
PPBP,PPBP
KDM5D,KDM5D
RAB11FIP1,RAB11FIP1
SPATA7,SPATA7
FOLR2,FOLR2
COL27A1,COL27A1
SNAI1,SNAI1
ARHGAP24,ARHGAP24
FLNA,FLNA
MS4A2,MS4A2
SOX11,SOX11
CAPS,CAPS
DLL1,DLL1
SLC44A3,SLC44A3
CTSG,CTSG
ABCA7,ABCA7
SGK1,SGK1
TEAD2,TEAD2
PROX1,PROX1
KIT,KIT
CFAP73,CFAP73
FBXL14,FBXL14
PPP2R5A,PPP2R5A
TPM3,TPM3
SMOX,SMOX
ALDH1A2,ALDH1A2
CENPE,CENPE
RSAD2,RSAD2
PRKCA,PRKCA
HSP90B1,HSP90B1
PRDM1,PRDM1
ALOX5,ALOX5
RASSF4,RASSF4
HCK,HCK
TMEM79,TMEM79
FBLN5,FBLN5
IGFL2,IGFL2
DYNLL1,DYNLL1
SRPX,SRPX
CLEC4A,CLEC4A
TRBV30,TRBV30
RBP7,RBP7
HMHB1,HMHB1
UGT8,UGT8
COL6A1,COL6A1
FXYD7,FXYD7
PER1,PER1
GRAMD1C,GRAMD1C
RND1,RND1
MLF1,MLF1
TULP2,TULP2
GRB10,GRB10
LGALS8,LGALS8
PASK,PASK
TRBV11-2,TRBV11-2
GPAM,GPAM
MEF2B,MEF2B
TRGV9,TRGV9
TREML4,TREML4
SPAG4,SPAG4
NBEAL1,NBEAL1
NECTIN3,NECTIN3
SPC25,SPC25
FAM184A,FAM184A
DLGAP1,DLGAP1
LINC01993,LINC01993
LHFPL2,LHFPL2
SULT1B1,SULT1B1
CDCA7,CDCA7
LIMS1,LIMS1
CCND2,CCND2
COBLL1,COBLL1
CALHM5,CALHM5
IL1RL1,IL1RL1
ZNF711,ZNF711
KCNT1,KCNT1
TCEA3,TCEA3
IL11RA,IL11RA
S1PR2,S1PR2
IQCN,IQCN
RAB7B,RAB7B
OCIAD2,OCIAD2
BRAP,BRAP
SIGLEC10,SIGLEC10
RNF41,RNF41
HLA-DOA,HLA-DOA
NAMPT,NAMPT
HMGN2,HMGN2
ZFYVE28,ZFYVE28
EFNA5,EFNA5
NXF3,NXF3
TRAV39,TRAV39
LGMN,LGMN
DNAJC3,DNAJC3
EIF4E,EIF4E
PDE2A,PDE2A
FAAH2,FAAH2
AXDND1,AXDND1
RBMS3,RBMS3
PIMREG,PIMREG
TMEM67,TMEM67
POMT1,POMT1
MT3,MT3
FAM229A,FAM229A
SPSB1,SPSB1
SNAPC1,SNAPC1
SLC1A3,SLC1A3
DNAH17,DNAH17
WDR17,WDR17
IGLV3-21,IGLV3-21
TBC1D3D,TBC1D3D
KIR2DL1,KIR2DL1
EXPH5,EXPH5
CYP4F12,CYP4F12
MAP4K5,MAP4K5
SLU7,SLU7
LINC00158,LINC00158
CDKN2D,CDKN2D
PTPRB,PTPRB
ENPP3,ENPP3
MTIF3,MTIF3
BTNL9,BTNL9
TRH,TRH
UPF3B,UPF3B
SLC10A5,SLC10A5
POFUT1,POFUT1
NCAPG,NCAPG
PIK3R5,PIK3R5
MAP1LC3B,MAP1LC3B
IGKV3-11,IGKV3-11
KLF5,KLF5
RAP1B,RAP1B
IGLV2-8,IGLV2-8
TRBV5-5,TRBV5-5
ABHD1,ABHD1
RPS17,RPS17
CD40LG,CD40LG
FANCI,FANCI
BEST1,BEST1
ABCA9,ABCA9
PRPS2,PRPS2
GTPBP2,GTPBP2
SMIM1,SMIM1
GRHL1,GRHL1
ZBTB20-AS4,ZBTB20-AS4
FPR2,FPR2
TRAV25,TRAV25
FBXO32,FBXO32
PTPN13,PTPN13
KLRB1,KLRB1
IGLV6-57,IGLV6-57
VNN2,VNN2
PLIN3,PLIN3
FRMPD3,FRMPD3
B3GALT2,B3GALT2
LDHB,LDHB
ZBP1,ZBP1
DDX43,DDX43
FCGR2B,FCGR2B
NBR1,NBR1
PLCG2,PLCG2
FCGRT,FCGRT
HDC,HDC
DNAH8,DNAH8
ZNF709,ZNF709
NUP210L,NUP210L
COLGALT2,COLGALT2
MEIS2,MEIS2
USP38,USP38
GPR68,GPR68
MMP2,MMP2
TRIB1,TRIB1
C1QA,C1QA
TMEM30B,TMEM30B
UBE2C,UBE2C
SFTPB,SFTPB
C2CD4B,C2CD4B
TRAV36DV7,TRAV36DV7
CERNA1,CERNA1
ADA2,ADA2
CLIC6,CLIC6
SLC2A3,SLC2A3
ASS1,ASS1
HOXA3,HOXA3
SLC19A1,SLC19A1
RPL31,RPL31
CDC20,CDC20
CDC20B,CDC20B
ITPR2,ITPR2
LRFN1,LRFN1
B3GAT2,B3GAT2
SYNE1,SYNE1
RBM14,RBM14
CCDC88B,CCDC88B
PLAAT1,PLAAT1
SYN3,SYN3
RAPGEF6,RAPGEF6
ZNF296,ZNF296
MED31,MED31
ZNF654,ZNF654
GOLGA8O,GOLGA8O
SH2D2A,SH2D2A
LINC02604,LINC02604
IL10RB,IL10RB
CXCL1,CXCL1
SLC38A11,SLC38A11
MIR3945HG,MIR3945HG
TREM1,TREM1
RBM22,RBM22
RCL1,RCL1
SLC8A1,SLC8A1
KCNK6,KCNK6
TRAV6,TRAV6
CAP1,CAP1
PHEX,PHEX
SPON1,SPON1
RAB27B,RAB27B
MAPK10,MAPK10
RPS6KA5,RPS6KA5
SSTR3,SSTR3
LINC01011,LINC01011
CBX7,CBX7
CHAMP1,CHAMP1
TRDV1,TRDV1
RLN2,RLN2
TMCC3,TMCC3
SOGA3,SOGA3
EGOT,EGOT
GPR12,GPR12
CEACAM1,CEACAM1
PIP4P2,PIP4P2
SHOX2,SHOX2
KCTD6,KCTD6
PCDHGB6,PCDHGB6
ANKRD37,ANKRD37
TUBGCP6,TUBGCP6
TMIGD3,TMIGD3
SDC3,SDC3
EIF4A1,EIF4A1
ABHD3,ABHD3
TCF3,TCF3
RAB27A,RAB27A
DHX34,DHX34
IGLV1-40,IGLV1-40
CEBPB,CEBPB
BAALC,BAALC
IGHV4-61,IGHV4-61
GLDC,GLDC
GALM,GALM
SDR42E2,SDR42E2
NFATC4,NFATC4
APBB2,APBB2
RGS13,RGS13
TRAV13-2,TRAV13-2
SESN1,SESN1
CD226,CD226
TMEM119,TMEM119
NETO1,NETO1
IFI6,IFI6
IFI27,IFI27
SWT1,SWT1
IGLV1-51,IGLV1-51
MYO1B,MYO1B
ZNF667-AS1,ZNF667-AS1
TCN2,TCN2
RAD51,RAD51
TRAC,TRAC
ICA1L,ICA1L
KCNE1,KCNE1
ADAMDEC1,ADAMDEC1
SARAF,SARAF
MUCL1,MUCL1
ADAM9,ADAM9
SPDYA,SPDYA
LLGL2,LLGL2
FBLN7,FBLN7
DNAH7,DNAH7
FGF22,FGF22
EGLN1,EGLN1
COL13A1,COL13A1
TBCEL,TBCEL
NR1D1,NR1D1
MKNK2,MKNK2
CCL23,CCL23
LIMS2,LIMS2
ETS1,ETS1
ALS2,ALS2
NDFIP2,NDFIP2
TLE4,TLE4
CD38,CD38
PNMA5,PNMA5
IRX3,IRX3
CLHC1,CLHC1
CRISPLD2,CRISPLD2
SMG8,SMG8
TRPC3,TRPC3
TRIB3,TRIB3
SYTL3,SYTL3
ANKRD55,ANKRD55
SEC11C,SEC11C
MATK,MATK
ST3GAL4,ST3GAL4
NSMCE1,NSMCE1
NPW,NPW
KCNJ10,KCNJ10
CYP3A5,CYP3A5
LINC00895,LINC00895
PIK3R1,PIK3R1
FAXDC2,FAXDC2
TROAP,TROAP
PLPPR2,PLPPR2
CCDC126,CCDC126
GCA,GCA
HS3ST1,HS3ST1
ORM1,ORM1
DBNDD2,DBNDD2
PYCARD,PYCARD
KCNQ1,KCNQ1
ITGB2,ITGB2
DRAM1,DRAM1
TRBV7-2,TRBV7-2
LRRC70,LRRC70
CXCL5,CXCL5
IGKV2-30,IGKV2-30
STOM,STOM
POLG2,POLG2
SLC4A10,SLC4A10
RCHY1,RCHY1
RAD9A,RAD9A
FOXD1,FOXD1
IGHV3-11,IGHV3-11
COL17A1,COL17A1
ZNF860,ZNF860
KCTD1,KCTD1
PPP4R3A,PPP4R3A
GSTM5,GSTM5
FURIN,FURIN
RPS4Y1,RPS4Y1
EGR3,EGR3
CHGB,CHGB
CST3,CST3
OSBPL8,OSBPL8
BLNK,BLNK
NMB,NMB
LNX1,LNX1
TMSB15A,TMSB15A
CHP1,CHP1
NDEL1,NDEL1
BTG1,BTG1
SPEN,SPEN
WEE1,WEE1
FDXR,FDXR
FOS,FOS
CCNA2,CCNA2
ZBTB48,ZBTB48
PROC,PROC
PPIF,PPIF
MLLT3,MLLT3
MEGF11,MEGF11
AGRP,AGRP
CELSR1,CELSR1
SH2B3,SH2B3
DNAJA1,DNAJA1
USP28,USP28
ATP11A,ATP11A
SLC40A1,SLC40A1
STK17A,STK17A
CR2,CR2
IGLL1,IGLL1
CEACAM4,CEACAM4
CEBPE,CEBPE
SERPINE1,SERPINE1
PLD5,PLD5
GNAI2,GNAI2
MX1,MX1
CYTH4,CYTH4
IGHA1,IGHA1
PRR14,PRR14
MCTP1,MCTP1
LINC00299,LINC00299
COL4A4,COL4A4
SYCP2,SYCP2
DAZAP2,DAZAP2
RPLP2,RPLP2
ADRB2,ADRB2
TAF1C,TAF1C
TIMP2,TIMP2
SORCS2,SORCS2
ADGRG5,ADGRG5
PARP15,PARP15
PRICKLE1,PRICKLE1
PEAR1,PEAR1
SERPINH1,SERPINH1
ADAMTS4,ADAMTS4
IGHV3-21,IGHV3-21
GATM,GATM
CR1L,CR1L
LINC02288,LINC02288
IL17C,IL17C
SHARPIN,SHARPIN
RBPMS,RBPMS
FEN1,FEN1
BBC3,BBC3
ZBTB38,ZBTB38
PLCB2,PLCB2
MYO6,MYO6
ITGAV,ITGAV
NPTX2,NPTX2
CLEC4D,CLEC4D
NIPAL4,NIPAL4
OTOF,OTOF
PNOC,PNOC
IGSF10,IGSF10
N4BP3,N4BP3
CD34,CD34
LRRC2,LRRC2
LINC00513,LINC00513
CMKLR1,CMKLR1
ANKRD10,ANKRD10
BCL6,BCL6
DUSP16,DUSP16
CCDC144A,CCDC144A
SPHK1,SPHK1
MYB,MYB
CAMP,CAMP
DENND3,DENND3
IGF2BP2,IGF2BP2
GBA2,GBA2
LINC00877,LINC00877
SLC16A10,SLC16A10
CD160,CD160
OLFM2,OLFM2
FFAR3,FFAR3
MR1,MR1
PROZ,PROZ
LINC02202,LINC02202
SH3TC2,SH3TC2
KIFC3,KIFC3
IGHMBP2,IGHMBP2
PDGFA,PDGFA
GSTM1,GSTM1
PTK2B,PTK2B
WNT16,WNT16
TUBA4A,TUBA4A
OPTN,OPTN
KIF19,KIF19
IGHV2-5,IGHV2-5
UTS2,UTS2
IGHV1-46,IGHV1-46
S100A11,S100A11
DHRS12,DHRS12
TNFRSF1A,TNFRSF1A
MLANA,MLANA
CD52,CD52
ELAVL4,ELAVL4
IL1R1,IL1R1
ERV3-1,ERV3-1
GNAI3,GNAI3
CENPK,CENPK
P4HA2,P4HA2
MYRF,MYRF
ADIRF,ADIRF
NIPBL,NIPBL
LINC01506,LINC01506
SLC38A2,SLC38A2
RNF175,RNF175
TRAV12-3,TRAV12-3
PMAIP1,PMAIP1
ABCA6,ABCA6
POLR2J2,POLR2J2
TTTY10,TTTY10
KLF1,KLF1
IGHV3-48,IGHV3-48
IL21R,IL21R
FLCN,FLCN
LCN10,LCN10
SAT1,SAT1
SRA1,SRA1
VWA5A,VWA5A
DTX3,DTX3
RPGR,RPGR
TRBV20-1,TRBV20-1
ITPRIP,ITPRIP
IFITM2,IFITM2
CNIH2,CNIH2
LYST,LYST
CLSPN,CLSPN
MMP11,MMP11
L1CAM,L1CAM
ANXA5,ANXA5
SMCHD1,SMCHD1
FOXO3,FOXO3
ADAMTS2,ADAMTS2
IFITM3,IFITM3
LGALS1,LGALS1
AOC1,AOC1
SLC45A3,SLC45A3
CD22,CD22
DIRAS1,DIRAS1
PFKFB2,PFKFB2
SCT,SCT
ZNF853,ZNF853
LINGO3,LINGO3
VPS37A,VPS37A
HMGB1,HMGB1
EGFL6,EGFL6
GLT1D1,GLT1D1
PARD3,PARD3
ARID1A,ARID1A
IGLV7-43,IGLV7-43
SERPINB2,SERPINB2
ZCCHC12,ZCCHC12
NXPE3,NXPE3
RGS18,RGS18
IL2RG,IL2RG
NEDD4,NEDD4
CBLL1,CBLL1
ANGPTL4,ANGPTL4
LYN,LYN
MTG1,MTG1
LYAR,LYAR
BEX1,BEX1
HAVCR2,HAVCR2
CDC42BPG,CDC42BPG
KRT7,KRT7
LINC00862,LINC00862
MFN2,MFN2
PACSIN1,PACSIN1
GCSAM,GCSAM
CLEC17A,CLEC17A
PCAT1,PCAT1
SLC7A11,SLC7A11
LETM2,LETM2
SPATC1,SPATC1
NSL1,NSL1
AGTRAP,AGTRAP
HLA-DRB5,HLA-DRB5
MID1IP1,MID1IP1
ABL2,ABL2
MIDN,MIDN
DCUN1D4,DCUN1D4
RSRP1,RSRP1
WDR36,WDR36
POU4F1,POU4F1
HDAC4,HDAC4
BHLHE40,BHLHE40
SGSM2,SGSM2
TCTA,TCTA
ID2,ID2
STX19,STX19
MORC1,MORC1
FGF9,FGF9
TMEM91,TMEM91
CD19,CD19
SYNPO2,SYNPO2
ACSM1,ACSM1
VWF,VWF
P2RY10,P2RY10
WWC1,WWC1
IL12RB2,IL12RB2
SHD,SHD
ZNF254,ZNF254
KLRF1,KLRF1
LINC00520,LINC00520
TIE1,TIE1
AUTS2,AUTS2
C1R,C1R
HLA-DOB,HLA-DOB
MLKL,MLKL
IFNG,IFNG
PPP2R2B,PPP2R2B
LIN7A,LIN7A
IGHV4-39,IGHV4-39
CCDC71L,CCDC71L
PTX3,PTX3
GNA13,GNA13
DCBLD2,DCBLD2
RNF144B,RNF144B
IGKV2-24,IGKV2-24
PCF11,PCF11
PDE3B,PDE3B
CDKN3,CDKN3
TNFSF10,TNFSF10
FCRL6,FCRL6
RBP4,RBP4
CD163L1,CD163L1
NPTX1,NPTX1
ANP32A,ANP32A
HEATR3,HEATR3
ZNF518B,ZNF518B
NINL,NINL
TSPAN18,TSPAN18
IGKV3-15,IGKV3-15
VAV1,VAV1
RABGEF1,RABGEF1
SNTB2,SNTB2
FLRT2,FLRT2
STON2,STON2
ATF3,ATF3
ENO2,ENO2
SLFN13,SLFN13
PNPLA1,PNPLA1
PNP,PNP
YPEL1,YPEL1
NATD1,NATD1
MX2,MX2
SZT2,SZT2
HERC5,HERC5
LINC01750,LINC01750
SELPLG,SELPLG
MARCKS,MARCKS
ILF3-DT,ILF3-DT
AGO2,AGO2
AKR1B1,AKR1B1
PARP8,PARP8
PUS10,PUS10
ABLIM1,ABLIM1
MANSC1,MANSC1
LINC02739,LINC02739
CDK5RAP2,CDK5RAP2
RNF24,RNF24
MKI67,MKI67
LINC02067,LINC02067
TRAV26-1,TRAV26-1
IDH1,IDH1
ANXA1,ANXA1
ROCK1,ROCK1
MIR4435-2HG,MIR4435-2HG
RNASEK,RNASEK
KIF23,KIF23
MIF,MIF
BBS1,BBS1
NDUFS2,NDUFS2
JMY,JMY
RPS6,RPS6
LARP4B,LARP4B
ETNK1,ETNK1
GALNT15,GALNT15
TCF7L2,TCF7L2
DSEL,DSEL
ADAMTS8,ADAMTS8
SNCG,SNCG
HILPDA,HILPDA
TFPI,TFPI
HOXB3,HOXB3
KRT8,KRT8
EEF1A1,EEF1A1
CCL3,CCL3
ADAD2,ADAD2
NOCT,NOCT
SESN2,SESN2
SSPN,SSPN
ZNF165,ZNF165
KCNK5,KCNK5
BPGM,BPGM
BPI,BPI
CCR8,CCR8
BCAS4,BCAS4
LINC02580,LINC02580
TLL2,TLL2
SNX25,SNX25
THAP2,THAP2
RPS27,RPS27
PLA2G1B,PLA2G1B
ADGRE2,ADGRE2
TNFSF9,TNFSF9
ARSJ,ARSJ
KCNH8,KCNH8
CXCL3,CXCL3
FLOT2,FLOT2
THEMIS,THEMIS
CCDC171,CCDC171
LINC00910,LINC00910
TTTY14,TTTY14
RMI2,RMI2
IMPDH1,IMPDH1
TRBV29-1,TRBV29-1
CYTL1,CYTL1
ZNF107,ZNF107
ABCB1,ABCB1
MAFA,MAFA
SIRT3,SIRT3
LINC00494,LINC00494
COMP,COMP
BACH2,BACH2
CMIP,CMIP
RHD,RHD
TRAV1-2,TRAV1-2
ABHD12B,ABHD12B
EIF4G3,EIF4G3
DNAH10,DNAH10
FKBP4,FKBP4
ASB15,ASB15
LINC01943,LINC01943
RNASE2,RNASE2
NINJ2,NINJ2
CARMIL3,CARMIL3
MSR1,MSR1
POU2AF1,POU2AF1
ZMAT1,ZMAT1
PDLIM1,PDLIM1
ZZEF1,ZZEF1
ASAP2,ASAP2
AATK,AATK
FGF13,FGF13
CSGALNACT2,CSGALNACT2
NPPC,NPPC
CST7,CST7
MDM1,MDM1
SEMA7A,SEMA7A
SLC6A20,SLC6A20
IGHV3-74,IGHV3-74
CD83,CD83
DHRS13,DHRS13
KPNA2,KPNA2
TSPAN2,TSPAN2
SCN5A,SCN5A
ALAS2,ALAS2
EDAR,EDAR
KIR2DL3,KIR2DL3
HBA2,HBA2
AKAP6,AKAP6
THBS1,THBS1
CTBP2,CTBP2
NIBAN3,NIBAN3
GUCY2D,GUCY2D
BHLHE41,BHLHE41
APOE,APOE
SRGAP1,SRGAP1
MTERF2,MTERF2
PHLDB1,PHLDB1
FAM111B,FAM111B
ZNF318,ZNF318
GALNT14,GALNT14
MERTK,MERTK
SLC16A6,SLC16A6
CCR5,CCR5
TREML2,TREML2
ENPP2,ENPP2
ARHGAP9,ARHGAP9
EGF,EGF
WLS,WLS
ITGA2B,ITGA2B
SEL1L3,SEL1L3
TMED5,TMED5
VPREB3,VPREB3
TMEM40,TMEM40
CNKSR3,CNKSR3
GSTM4,GSTM4
IL19,IL19
ZNF454,ZNF454
COLQ,COLQ
DNMBP,DNMBP
CPNE3,CPNE3
RNF165,RNF165
NBPF11,NBPF11
AQP9,AQP9
HSF4,HSF4
PKP4,PKP4
ZNF10,ZNF10
MT1G,MT1G
ZNF208,ZNF208
KRTCAP3,KRTCAP3
NREP,NREP
TMEM266,TMEM266
CD40,CD40
TIMP1,TIMP1
EMB,EMB
TPX2,TPX2
CCL2,CCL2
GTPBP1,GTPBP1
LBH,LBH
PF4V1,PF4V1
LPAR2,LPAR2
TRBV14,TRBV14
CAPN2,CAPN2
HCLS1,HCLS1
ACP5,ACP5
SAMD14,SAMD14
NBEAL2,NBEAL2
FAAP24,FAAP24
TCL1B,TCL1B
MBD6,MBD6
PDLIM7,PDLIM7
ARHGAP6,ARHGAP6
TRBV4-1,TRBV4-1
CREB5,CREB5
GSN,GSN
LINC01374,LINC01374
SERPING1,SERPING1
PSAP,PSAP
ARHGAP1,ARHGAP1
ELAVL3,ELAVL3
MAP3K20,MAP3K20
HSH2D,HSH2D
TGFB1,TGFB1
SCD,SCD
PTGDR,PTGDR
SELL,SELL
IRF1,IRF1
ENHO,ENHO
MCM3,MCM3
KDM7A,KDM7A
TUT7,TUT7
KRT2,KRT2
IGKV1-9,IGKV1-9
CXCR5,CXCR5
KDM2B-DT,KDM2B-DT
LILRB3,LILRB3
HJURP,HJURP
RASL11A,RASL11A
SLC35E3,SLC35E3
WWC3,WWC3
TTC32,TTC32
DHRS2,DHRS2
CLDN9,CLDN9
ZC3H12D,ZC3H12D
HLA-DQA2,HLA-DQA2
RRM2,RRM2
NELL2,NELL2
SQSTM1,SQSTM1
SERP2,SERP2
IGKV2D-29,IGKV2D-29
ULBP3,ULBP3
TLR6,TLR6
SYN2,SYN2
CCR6,CCR6
CEP126,CEP126
TRBV7-9,TRBV7-9
AVPR1A,AVPR1A
DNAH12,DNAH12
DIP2B,DIP2B
DNASE1L3,DNASE1L3
ESR2,ESR2
GAPT,GAPT
SERPINI1,SERPINI1
KLK1,KLK1
ZBED6,ZBED6
CCL20,CCL20
MYD88,MYD88
TREM2,TREM2
SLCO2B1,SLCO2B1
SERPINA1,SERPINA1
TPM1,TPM1
GTF2H5,GTF2H5
GJA4,GJA4
SCGB1C2,SCGB1C2
TFPI2,TFPI2
FKBP1A,FKBP1A
ETS2,ETS2
CCDC34,CCDC34
PARP12,PARP12
IL5RA,IL5RA
ZEB1,ZEB1
CORO2A,CORO2A
DSTYK,DSTYK
LIME1,LIME1
OSBPL10,OSBPL10
COL4A3,COL4A3
ALDOA,ALDOA
IGF2R,IGF2R
RALGPS2,RALGPS2
MAP9,MAP9
TRPC4AP,TRPC4AP
CASZ1,CASZ1
MAP4K4,MAP4K4
ANXA3,ANXA3
OTUD1,OTUD1
CPNE7,CPNE7
ESM1,ESM1
NAPSA,NAPSA
EPS8,EPS8
JAM3,JAM3
LPAR5,LPAR5
GTF3C1,GTF3C1
RNF157,RNF157
PLCE1,PLCE1
GLRA3,GLRA3
SMIM8,SMIM8
TRAV1-1,TRAV1-1
SLC7A7,SLC7A7
USP51,USP51
MNT,MNT
SLC20A1,SLC20A1
PALM,PALM
TRAV8-1,TRAV8-1
SLC8B1,SLC8B1
MIR194-2HG,MIR194-2HG
NEK10,NEK10
MAN2C1,MAN2C1
ZNF600,ZNF600
PIK3IP1,PIK3IP1
LPCAT2,LPCAT2
KLF9,KLF9
SFN,SFN
ZNF75D,ZNF75D
PTGER2,PTGER2
ZBED2,ZBED2
CEP290,CEP290
PRUNE2,PRUNE2
GPR34,GPR34
KLHL21,KLHL21
LHPP,LHPP
TLE5,TLE5
CCND3,CCND3
FBXW5,FBXW5
RNASE6,RNASE6
PARD6B,PARD6B
MDS2,MDS2
HEXIM2,HEXIM2
TPSB2,TPSB2
FBXO38,FBXO38
CETP,CETP
PXN,PXN
SIRPA,SIRPA
IL10,IL10
NOTCH3,NOTCH3
ARMC12,ARMC12
GK,GK
PTAFR,PTAFR
LRRFIP2,LRRFIP2
CYB561D1,CYB561D1
ITGA6,ITGA6
RAB20,RAB20
SENP2,SENP2
PECR,PECR
PVT1,PVT1
FALEC,FALEC
LGALS9C,LGALS9C
LINC00298,LINC00298
ST20,ST20
TBXAS1,TBXAS1
COG6,COG6
MIAT,MIAT
HELB,HELB
MZB1,MZB1
GPM6B,GPM6B
RAP1GAP2,RAP1GAP2
LRRC43,LRRC43
CHST2,CHST2
CEBPD,CEBPD
PFKP,PFKP
MLLT11,MLLT11
CSTA,CSTA
EDNRB,EDNRB
REG4,REG4
KCNJ15,KCNJ15
UHMK1,UHMK1
IGLV3-19,IGLV3-19
DIP2A,DIP2A
ANKRD18A,ANKRD18A
CARD11,CARD11
HSPA12A,HSPA12A
TRBV4-2,TRBV4-2
DRC3,DRC3
CLINT1,CLINT1
GNPDA1,GNPDA1
EFNB2,EFNB2
ZMPSTE24,ZMPSTE24
KCNAB1,KCNAB1
PFN1,PFN1
GP1BA,GP1BA
UQCRHL,UQCRHL
LTB,LTB
CCL18,CCL18
BOLA2B,BOLA2B
TMEM37,TMEM37
AFAP1L2,AFAP1L2
PLAT,PLAT
ATG4B,ATG4B
TAF2,TAF2
IFITM1,IFITM1
LRRC28,LRRC28
LINC02245,LINC02245
SLC1A2,SLC1A2
HHEX,HHEX
SCPEP1,SCPEP1
ZDHHC19,ZDHHC19
MGAM,MGAM
SLC10A1,SLC10A1
PHLDA2,PHLDA2
EAF1,EAF1
ISG20,ISG20
SLC6A16,SLC6A16
CCND1,CCND1
ZNF224,ZNF224
SLAMF1,SLAMF1
SNTG2,SNTG2
UTRN,UTRN
MINPP1,MINPP1
TAF1B,TAF1B
MSMO1,MSMO1
TNS3,TNS3
CRY1,CRY1
PBXIP1,PBXIP1
ANTXR2,ANTXR2
DRAIC,DRAIC
KCNK12,KCNK12
GEM,GEM
XPO6,XPO6
LINC02273,LINC02273
CD82,CD82
COL4A1,COL4A1
FRMD4B,FRMD4B
REM2,REM2
COL9A3,COL9A3
PLPP6,PLPP6
ARHGAP44,ARHGAP44
METTL6,METTL6
THAP5,THAP5
FAM153CP,FAM153CP
CCL28,CCL28
NECAB2,NECAB2
PGS1,PGS1
USP44,USP44
FASLG,FASLG
ADAM23,ADAM23
PRR5L,PRR5L
NLRC5,NLRC5
NFKB1,NFKB1
IFRD1,IFRD1
ADAM28,ADAM28
RALGDS,RALGDS
ADAM19,ADAM19
PIM3,PIM3
AFF2,AFF2
SVIP,SVIP
CDC25B,CDC25B
NRP1,NRP1
RRP12,RRP12
SLC2A14,SLC2A14
GLIPR2,GLIPR2
ICAM4,ICAM4
CHST15,CHST15
RFESD,RFESD
TNC,TNC
LINC01684,LINC01684
ARNT2,ARNT2
LILRB5,LILRB5
NOMO2,NOMO2
MGAT1,MGAT1
ITGA10,ITGA10
TRGV4,TRGV4
ADAMTS17,ADAMTS17
KHDRBS3,KHDRBS3
FCRLA,FCRLA
SLCO4A1,SLCO4A1
FRAT2,FRAT2
ENOSF1,ENOSF1
KMO,KMO
C3AR1,C3AR1
MYBL1,MYBL1
CD109,CD109
COPG1,COPG1
RPS18,RPS18
GLCCI1,GLCCI1
TSPO,TSPO
PEAK1,PEAK1
HOOK2,HOOK2
SLA,SLA
LINC02446,LINC02446
RALGAPA2,RALGAPA2
PMEPA1,PMEPA1
TECPR1,TECPR1
GPR18,GPR18
MEIS1,MEIS1
OLAH,OLAH
DUSP10,DUSP10
EPM2A,EPM2A
EHD1,EHD1
GTSE1,GTSE1
EVA1C,EVA1C
CTSA,CTSA
GCNT4,GCNT4
ATXN1,ATXN1
ADAMTS5,ADAMTS5
KALRN,KALRN
RPL34,RPL34
EPB41L2,EPB41L2
TPBG,TPBG
TLE1,TLE1
FBF1,FBF1
ARPC5,ARPC5
GRAMD1A,GRAMD1A
PDE4D,PDE4D
HCAR2,HCAR2
LINC01970,LINC01970
MYLK,MYLK
PCDH17,PCDH17
CLC,CLC
TNK2,TNK2
TNFRSF21,TNFRSF21
PRDM8,PRDM8
AIM2,AIM2
KATNBL1,KATNBL1
KDM5B,KDM5B
GPATCH2,GPATCH2
RAMP1,RAMP1
HNMT,HNMT
TESPA1,TESPA1
IGHA2,IGHA2
VSTM1,VSTM1
CD79A,CD79A
GABRR2,GABRR2
IL4R,IL4R
HDAC3,HDAC3
TRBV5-4,TRBV5-4
IL23R,IL23R
CFD,CFD
CD37,CD37
TFDP2,TFDP2
SHISAL2A,SHISAL2A
DLX2,DLX2
TMEM63A,TMEM63A
SYNGR2,SYNGR2
VASP,VASP
ZFP36,ZFP36
FGR,FGR
SPIC,SPIC
CNTNAP2,CNTNAP2
DNTT,DNTT
STX4,STX4
MAEA,MAEA
IGLV5-45,IGLV5-45
BAIAP3,BAIAP3
MMP19,MMP19
CT70,CT70
LINC01562,LINC01562
LINC02696,LINC02696
MYBL2,MYBL2
NCALD,NCALD
HEMGN,HEMGN
TOPBP1,TOPBP1
ADGRG6,ADGRG6
STRN4,STRN4
ARHGEF39,ARHGEF39
SYT5,SYT5
NNAT,NNAT
ISL2,ISL2
KREMEN1,KREMEN1
LINC00663,LINC00663
RSPH9,RSPH9
TP53INP1,TP53INP1
GPR174,GPR174
TRBV12-4,TRBV12-4
BEND4,BEND4
LINC00623,LINC00623
IGLC7,IGLC7
SLC39A5,SLC39A5
FCMR,FCMR
MAGEH1,MAGEH1
ERFE,ERFE
FUCA1,FUCA1
SAMMSON,SAMMSON
PLEKHF1,PLEKHF1
ARG2,ARG2
MARCKSL1,MARCKSL1
LINC00309,LINC00309
NMT2,NMT2
TCTN1,TCTN1
ANKRD33B,ANKRD33B
TMEM176B,TMEM176B
ELF3,ELF3
ABLIM2,ABLIM2
NEK5,NEK5
TRAV14DV4,TRAV14DV4
PACSIN2,PACSIN2
TRAV24,TRAV24
B4GALT5,B4GALT5
TRIM34,TRIM34
CCDC141,CCDC141
TRAV12-1,TRAV12-1
RILPL2,RILPL2
HGSNAT,HGSNAT
GPM6A,GPM6A
WDFY3,WDFY3
SERPINC1,SERPINC1
FHL3,FHL3
OXR1,OXR1
TRAV19,TRAV19
ATP2B1-AS1,ATP2B1-AS1
TENT5A,TENT5A
RAMP2,RAMP2
ABCA13,ABCA13
RNF222,RNF222
SCN1B,SCN1B
SYP,SYP
FOXJ1,FOXJ1
ACAD9,ACAD9
SLC25A44,SLC25A44
MTA1,MTA1
SLC30A2,SLC30A2
FEZ1,FEZ1
DHRS9,DHRS9
SEMA4A,SEMA4A
CMTM1,CMTM1
TBPL1,TBPL1
HAPLN3,HAPLN3
APOLD1,APOLD1
SUCNR1,SUCNR1
ZNF519,ZNF519
ARL4D,ARL4D
HBB,HBB
LIF,LIF
IGLL5,IGLL5
PAGE5,PAGE5
SLC31A2,SLC31A2
PDE7B,PDE7B
PIGR,PIGR
AHSP,AHSP
DBN1,DBN1
NR1H3,NR1H3
KDM3A,KDM3A
NUDT11,NUDT11
TBC1D30,TBC1D30
IGHV1-58,IGHV1-58
SAA1,SAA1
ATP13A2,ATP13A2
CLNK,CLNK
RAB31,RAB31
GAPDH,GAPDH
RFLNB,RFLNB
LOXL2,LOXL2
CDC14B,CDC14B
MNDA,MNDA
PCGF3,PCGF3
DUSP4,DUSP4
TIGIT,TIGIT
ZBTB17,ZBTB17
TMEM217,TMEM217
ORAI2,ORAI2
MCEMP1,MCEMP1
RBFADN,RBFADN
RASL11B,RASL11B
KMT2D,KMT2D
MAST4,MAST4
KLRC4,KLRC4
IGSF6,IGSF6
KIF5C,KIF5C
RBPJ,RBPJ
BCL7A,BCL7A
HES4,HES4
ATAD5,ATAD5
CRYBG1,CRYBG1
NDRG1,NDRG1
PDGFD,PDGFD
CDCA2,CDCA2
STX7,STX7
MTTP,MTTP
TP53I13,TP53I13
TSEN2,TSEN2
KIAA0825,KIAA0825
MXI1,MXI1
SLC45A4,SLC45A4
CLIC5,CLIC5
TLK1,TLK1
VAV3,VAV3
TNFRSF11A,TNFRSF11A
SLC4A4,SLC4A4
ISG15,ISG15
TMC5,TMC5
RAPGEF2,RAPGEF2
CLIC2,CLIC2
STAP1,STAP1
NCF1,NCF1
CHKA,CHKA
CARMN,CARMN
CAMK2N1,CAMK2N1
RBMS1,RBMS1
MAP3K11,MAP3K11
FMNL1,FMNL1
PIR,PIR
IKZF2,IKZF2
SLC35B2,SLC35B2
CLDN5,CLDN5
EVPL,EVPL
SVIL,SVIL
MBOAT2,MBOAT2
CARHSP1,CARHSP1
PIF1,PIF1
MTUS1,MTUS1
HMBS,HMBS
IFI44L,IFI44L
RAB4B,RAB4B
PPM1K-DT,PPM1K-DT
MAP3K5,MAP3K5
PIGM,PIGM
ANXA4,ANXA4
FILIP1L,FILIP1L
PRIMPOL,PRIMPOL
GMNN,GMNN
SLAMF7,SLAMF7
S100A8,S100A8
HMGB3,HMGB3
FAM53C,FAM53C
ATP6V1D,ATP6V1D
GADD45G,GADD45G
IGHV1-18,IGHV1-18
IGHV1-69,IGHV1-69
VSTM2L,VSTM2L
CD274,CD274
MT1E,MT1E
SYNM,SYNM
MAML3,MAML3
PIK3CD,PIK3CD
IGLV2-11,IGLV2-11
STAM2,STAM2
ANKRD36,ANKRD36
VASN,VASN
LRATD2,LRATD2
PLEKHH2,PLEKHH2
YJEFN3,YJEFN3
RTP5,RTP5
ARHGAP45,ARHGAP45
HLA-DQB2,HLA-DQB2
CCR10,CCR10
E2F8,E2F8
HEXIM1,HEXIM1
VWDE,VWDE
SCUBE1,SCUBE1
GPR155,GPR155
KCNK13,KCNK13
EML6,EML6
CHSY1,CHSY1
PEX11G,PEX11G
PLEKHO1,PLEKHO1
OASL,OASL
ITSN2,ITSN2
DTHD1,DTHD1
IGHV4-59,IGHV4-59
GBP4,GBP4
CD74,CD74
TNNT1,TNNT1
DDX3Y,DDX3Y
GCOM1,GCOM1
KIR2DL4,KIR2DL4
SCN7A,SCN7A
PRSS3,PRSS3
RFTN2,RFTN2
KIAA0319,KIAA0319
PTTG1,PTTG1
SELENBP1,SELENBP1
CMTM2,CMTM2
GPR42,GPR42
AHCYL2,AHCYL2
ZNF598,ZNF598
RAB15,RAB15
FGFBP2,FGFBP2
TYW5,TYW5
CCL25,CCL25
RSU1,RSU1
EIF2AK3,EIF2AK3
TRBC2,TRBC2
HMGCS1,HMGCS1
IL12B,IL12B
PIM2,PIM2
PLEKHN1,PLEKHN1
RGS6,RGS6
SIRPG,SIRPG
RPAP2,RPAP2
SNX22,SNX22
ESPN,ESPN
TAX1BP1,TAX1BP1
SRXN1,SRXN1
ST6GALNAC2,ST6GALNAC2
MICAL3,MICAL3
EIF4E3,EIF4E3
MINDY4,MINDY4
LINC01551,LINC01551
CNP,CNP
ANKRD9,ANKRD9
KANK2,KANK2
NME1,NME1
APMAP,APMAP
RAPGEF5,RAPGEF5
PPP2CA,PPP2CA
PCSK1N,PCSK1N
GIMAP2,GIMAP2
MRPL18,MRPL18
GPAT3,GPAT3
CDHR3,CDHR3
INHBB,INHBB
ZFAND5,ZFAND5
DUSP8,DUSP8
KIF11,KIF11
FAM3D,FAM3D
CD63,CD63
HMGN5,HMGN5
DSP,DSP
TRAV3,TRAV3
CCL22,CCL22
NUPR1,NUPR1
TNR,TNR
RRP1,RRP1
RRAS2,RRAS2
MYCT1,MYCT1
TPD52,TPD52
CMTM8,CMTM8
ZCCHC18,ZCCHC18
TBC1D4,TBC1D4
MYBPC3,MYBPC3
DMTN,DMTN
AMPD3,AMPD3
AQP10,AQP10
S100A6,S100A6
TCEAL9,TCEAL9
TET2,TET2
IL1R2,IL1R2
ZFP36L2,ZFP36L2
S100A13,S100A13
GRIK4,GRIK4
NIN,NIN
FPR1,FPR1
FNDC3A,FNDC3A
TBC1D32,TBC1D32
KRT15,KRT15
XPR1,XPR1
ARPP21,ARPP21
WHAMM,WHAMM
TRIM17,TRIM17
RBM23,RBM23
NGFR,NGFR
RARRES1,RARRES1
LRRC25,LRRC25
RASD1,RASD1
DDX3X,DDX3X
LINC01765,LINC01765
GLIS3,GLIS3
PAK6,PAK6
RHOBTB3,RHOBTB3
TMOD3,TMOD3
WASF1,WASF1
TRAPPC11,TRAPPC11
HSP90AB1,HSP90AB1
TACSTD2,TACSTD2
CXCL16,CXCL16
ATG9A,ATG9A
UBC,UBC
STAT4,STAT4
TUBB2B,TUBB2B
GRK2,GRK2
TMEM205,TMEM205
LINC02539,LINC02539
CLMP,CLMP
DDB2,DDB2
APOBR,APOBR
NUF2,NUF2
SAMSN1,SAMSN1
TCL1A,TCL1A
CUL1,CUL1
TRAV5,TRAV5
IKZF3,IKZF3
WNT5A,WNT5A
RRM1,RRM1
GAS7,GAS7
LIX1-AS1,LIX1-AS1
GOLGA6L9,GOLGA6L9
CTSC,CTSC
HOXB2,HOXB2
ZBTB37,ZBTB37
TRAT1,TRAT1
GCDH,GCDH
LTA4H,LTA4H
HSPA6,HSPA6
ARHGAP26,ARHGAP26
CCNB1,CCNB1
TCTN2,TCTN2
ITGA7,ITGA7
CSNK1D,CSNK1D
SLC16A3,SLC16A3
LINC01857,LINC01857
PLEK,PLEK
GPAT4,GPAT4
ZNF236,ZNF236
CYTOR,CYTOR
FSTL1,FSTL1
ACP6,ACP6
LINC02605,LINC02605
PRR7,PRR7
TRAV29DV5,TRAV29DV5
CCDC80,CCDC80
MAP3K2-DT,MAP3K2-DT
ANXA2,ANXA2
KIF2C,KIF2C
MFSD2A,MFSD2A
MXRA7,MXRA7
LDHA,LDHA
LIPA,LIPA
CFLAR,CFLAR
UGCG,UGCG
EMP2,EMP2
LINC02227,LINC02227
MAFF,MAFF
AMN,AMN
LILRA4,LILRA4
ANKRD31,ANKRD31
HS3ST3B1,HS3ST3B1
RNF19B,RNF19B
ZNF141,ZNF141
ITGA5,ITGA5
NABP1,NABP1
TP53I3,TP53I3
ITLN1,ITLN1
ST6GALNAC1,ST6GALNAC1
SLC30A4,SLC30A4
EFHC2,EFHC2
DNM3,DNM3
ZAP70,ZAP70
KBTBD6,KBTBD6
EEF1A2,EEF1A2
NRXN1,NRXN1
CDCA8,CDCA8
DGKA,DGKA
LMOD3,LMOD3
CTSK,CTSK
ITPKB,ITPKB
MXD1,MXD1
TXNDC5,TXNDC5
XPA,XPA
BRI3,BRI3
LRIF1,LRIF1
PAPSS2,PAPSS2
SUB1,SUB1
DENND5B,DENND5B
LYZ,LYZ
HLA-DMA,HLA-DMA
IGKV2D-28,IGKV2D-28
BCL11A,BCL11A
EMC10,EMC10
ODC1,ODC1
TRIM10,TRIM10
MSL1,MSL1
MICU3,MICU3
CAV2,CAV2
PDGFRB,PDGFRB
LRRC4,LRRC4
GLS2,GLS2
AGPS,AGPS
LRRN1,LRRN1
TRAF5,TRAF5
LINC02562,LINC02562
GNAO1,GNAO1
FERMT2,FERMT2
TESC,TESC
TMEM106C,TMEM106C
TRBV6-5,TRBV6-5
S100A2,S100A2
SLC35C2,SLC35C2
OXT,OXT
ARG1,ARG1
CSF3R,CSF3R
ARHGEF40,ARHGEF40
LIM2,LIM2
MCF2,MCF2
TFCP2L1,TFCP2L1
NMU,NMU
ZC3H11A,ZC3H11A
B2M,B2M
EGR2,EGR2
PGD,PGD
DNASE1,DNASE1
DGKD,DGKD
CLEC4C,CLEC4C
CKAP4,CKAP4
CCDC159,CCDC159
NPIPB12,NPIPB12
PPP1R14A,PPP1R14A
NXF1,NXF1
VWA3B,VWA3B
TVP23A,TVP23A
MTMR7,MTMR7
ZNF99,ZNF99
ZNF331,ZNF331
CDK5R1,CDK5R1
MYLK4,MYLK4
NUMB,NUMB
PDE7A,PDE7A
ZNF587,ZNF587
MFSD1,MFSD1
STK11IP,STK11IP
TNFRSF9,TNFRSF9
NPLOC4,NPLOC4
SSX2IP,SSX2IP
PRG4,PRG4
PVRIG,PVRIG
PPM1H,PPM1H
CD14,CD14
GATA2,GATA2
AXIN2,AXIN2
GYPA,GYPA
CTH,CTH
ATP2B1,ATP2B1
ANGPT1,ANGPT1
GSK3B,GSK3B
SPTBN4,SPTBN4
F13A1,F13A1
ADGRE5,ADGRE5
RORA,RORA
GRIPAP1,GRIPAP1
SHTN1,SHTN1
KAT2A,KAT2A
RAD54L2,RAD54L2
CYB561A3,CYB561A3
TMEM43,TMEM43
LIX1,LIX1
S100A1,S100A1
SIGLEC6,SIGLEC6
MAFB,MAFB
DCHS1,DCHS1
CCNJL,CCNJL
BCO2,BCO2
KIAA0513,KIAA0513
BTBD19,BTBD19
DBNDD1,DBNDD1
CD96,CD96
MT2A,MT2A
FCGR3B,FCGR3B
SATB1,SATB1
CHMP1B,CHMP1B
DDX41,DDX41
FRMD3,FRMD3
PAPSS1,PAPSS1
TC2N,TC2N
BUB1,BUB1
RINT1,RINT1
S1PR4,S1PR4
LMCD1,LMCD1
PACC1,PACC1
FAM81B,FAM81B
GPR141,GPR141
ANKRD26,ANKRD26
NCS1,NCS1
CDK1,CDK1
IGKV1-8,IGKV1-8
CYGB,CYGB
NDC80,NDC80
CCDC152,CCDC152
SAXO2,SAXO2
BTN3A1,BTN3A1
TDRD9,TDRD9
PLXNC1,PLXNC1
NCK2,NCK2
PTPRJ,PTPRJ
ZYX,ZYX
SNX15,SNX15
RBM28,RBM28
TMEM171,TMEM171
IRF2BPL,IRF2BPL
DNAJB9,DNAJB9
SKIL,SKIL
CSF2RB,CSF2RB
RNASEH2A,RNASEH2A
METTL8,METTL8
TRAV8-3,TRAV8-3
BICRA,BICRA
XCR1,XCR1
CREM,CREM
CDA,CDA
CD1E,CD1E
PIK3CB,PIK3CB
IL18RAP,IL18RAP
TK1,TK1
NME8,NME8
NR4A3,NR4A3
ADM,ADM
MYO1F,MYO1F
CHRNA1,CHRNA1
ZDHHC23,ZDHHC23
DOK1,DOK1
DKK3,DKK3
CD24,CD24
DOK2,DOK2
TLCD4,TLCD4
RHAG,RHAG
TENT5B,TENT5B
TRGV5,TRGV5
TPO,TPO
PPP1R9A,PPP1R9A
HIPK2,HIPK2
CR1,CR1
PRKD2,PRKD2
AREG,AREG
MTHFR,MTHFR
SESN3,SESN3
FSCN1,FSCN1
APP,APP
WSB1,WSB1
RCSD1,RCSD1
NCEH1,NCEH1
FAM177A1,FAM177A1
DEPDC1,DEPDC1
REL,REL
PPEF1,PPEF1
MROH8,MROH8
LINC01725,LINC01725
STIMATE,STIMATE
RGS2,RGS2
TXK,TXK
SRGAP3,SRGAP3
CASP6,CASP6
LYVE1,LYVE1
GOLGB1,GOLGB1
FECH,FECH
GIGYF1,GIGYF1
AP3M2,AP3M2
CSNK1E,CSNK1E
PLEKHG1,PLEKHG1
CLEC7A,CLEC7A
POR,POR
VIL1,VIL1
SLC18A2,SLC18A2
SSBP2,SSBP2
SRSF7,SRSF7
B3GNT2,B3GNT2
SLC39A8,SLC39A8
DCHS2,DCHS2
CD3G,CD3G
SDHAF1,SDHAF1
ADSL,ADSL
PPP3CA,PPP3CA
SMPD3,SMPD3
CRELD1,CRELD1
NCF2,NCF2
HBA1,HBA1
BCAT1,BCAT1
LY6G6F,LY6G6F
RASGEF1B,RASGEF1B
GPR108,GPR108
AP5Z1,AP5Z1
ARID3A,ARID3A
BEND2,BEND2
IER5,IER5
GPR84,GPR84
CTSH,CTSH
IL6,IL6
TAGLN,TAGLN
RGN,RGN
SLC25A15,SLC25A15
SPIDR,SPIDR
AKAP9,AKAP9
HPD,HPD
WWP2,WWP2
NUP85,NUP85
USP10,USP10
ACTN1,ACTN1
ENDOD1,ENDOD1
LHX4,LHX4
PAG1,PAG1
IL1B,IL1B
PLA2G15,PLA2G15
MCAM,MCAM
RIC3,RIC3
IGHV3-30,IGHV3-30
RPS19,RPS19
TRIM36,TRIM36
LINC01686,LINC01686
ZBTB43,ZBTB43
JAML,JAML
NACA2,NACA2
GPR55,GPR55
ATF7IP,ATF7IP
ZNF540,ZNF540
SLCO1A2,SLCO1A2
BACE2,BACE2
LEP,LEP
EVC2,EVC2
PFKFB4,PFKFB4
MAOB,MAOB
EFHD2,EFHD2
GZMH,GZMH
RPS26,RPS26
IGHV3-13,IGHV3-13
P2RY1,P2RY1
GPHN,GPHN
CYP19A1,CYP19A1
FCRL5,FCRL5
ATP1B1,ATP1B1
ABCD1,ABCD1
SOX6,SOX6
GCHFR,GCHFR
ALDH1A1,ALDH1A1
FAM43A,FAM43A
OGFRL1,OGFRL1
SDC2,SDC2
TOX2,TOX2
HLA-DRA,HLA-DRA
MS4A1,MS4A1
CCAR1,CCAR1
RHOC,RHOC
SRSF12,SRSF12
CC2D2B,CC2D2B
DNAJB1,DNAJB1
CLSTN3,CLSTN3
WIPF3,WIPF3
NRG2,NRG2
CD1C,CD1C
SPG7,SPG7
CD2,CD2
MYO16,MYO16
GADD45B,GADD45B
GSTO1,GSTO1
MAP4K2,MAP4K2
CSF1R,CSF1R
ENPP4,ENPP4
ZNF563,ZNF563
SLC25A13,SLC25A13
NPIPB11,NPIPB11
RNF149,RNF149
SSR4,SSR4
EOMES,EOMES
GINS2,GINS2
CDS2,CDS2
BAMBI,BAMBI
LZIC,LZIC
TRBV5-6,TRBV5-6
TRIM4,TRIM4
NR4A1,NR4A1
JCHAIN,JCHAIN
MSX1,MSX1
GJB2,GJB2
SGO1,SGO1
SDC1,SDC1
NEK9,NEK9
MTSS1,MTSS1
SAMD3,SAMD3
TRIM72,TRIM72
ENTPD1,ENTPD1
GRINA,GRINA
SCARA5,SCARA5
GAS1,GAS1
SERPINB1,SERPINB1
ARHGEF12,ARHGEF12
TMEM192,TMEM192
TRAV10,TRAV10
SOCS2,SOCS2
PRKAR2B,PRKAR2B
PIKFYVE,PIKFYVE
JAKMIP2,JAKMIP2
IGLV7-46,IGLV7-46
GM2A,GM2A
PZP,PZP
SLC26A8,SLC26A8
LHX1,LHX1
LINC00545,LINC00545
MICU1,MICU1
CD81,CD81
ITPR1,ITPR1
GREM1,GREM1
PCTP,PCTP
GPCPD1,GPCPD1
ZNF143,ZNF143
LAMP5,LAMP5
ZNF891,ZNF891
TNFAIP2,TNFAIP2
TLR8,TLR8
PAN2,PAN2
FN3K,FN3K
OSBP2,OSBP2
KCNA3,KCNA3
PLAAT4,PLAAT4
CASS4,CASS4
C8G,C8G
NFAM1,NFAM1
FANK1,FANK1
FAM161B,FAM161B
SP1,SP1
TRBV7-6,TRBV7-6
SHKBP1,SHKBP1
IFT57,IFT57
ELL2,ELL2
IER3,IER3
PRSS22,PRSS22
CITED4,CITED4
FMN1,FMN1
TG,TG
LGALS4,LGALS4
SCGB1C1,SCGB1C1
COL4A2,COL4A2
AGTPBP1,AGTPBP1
NUPR2,NUPR2
SERPINB8,SERPINB8
RETN,RETN
LILRB1,LILRB1
DPF3,DPF3
SIT1,SIT1
HLX,HLX
NFIB,NFIB
CXCR2,CXCR2
MMRN1,MMRN1
RBP5,RBP5
ATP6V0A1,ATP6V0A1
CRTAM,CRTAM
SAMD9,SAMD9
ACTA2,ACTA2
SOX18,SOX18
CNST,CNST
NKX3-1,NKX3-1
ATAD2B,ATAD2B
GPR25,GPR25
ARID5A,ARID5A
DUSP1,DUSP1
GIHCG,GIHCG
GADD45A,GADD45A
ARL4A,ARL4A
COBL,COBL
TGIF1,TGIF1
CUEDC1,CUEDC1
SPEF2,SPEF2
CLASP1,CLASP1
LINC01934,LINC01934
VCAM1,VCAM1
ACTRT3,ACTRT3
LEPR,LEPR
STAT1,STAT1
KIAA0319L,KIAA0319L
GALNT8,GALNT8
IL24,IL24
FBXL18,FBXL18
MMP17,MMP17
PLA2G7,PLA2G7
SOCS1,SOCS1
CALHM6,CALHM6
ANKRD54,ANKRD54
INKA2,INKA2
SH3BGRL3,SH3BGRL3
SERTAD1,SERTAD1
IGLC2,IGLC2
MT1X,MT1X
SDC4,SDC4
ZBTB20,ZBTB20
SEMA5A,SEMA5A
KIFC1,KIFC1
TRAV13-1,TRAV13-1
SCUBE3,SCUBE3
HNRNPLL,HNRNPLL
TUBA8,TUBA8
RSPH14,RSPH14
NNMT,NNMT
PHF20L1,PHF20L1
GCNT7,GCNT7
RABEP2,RABEP2
DEFB1,DEFB1
ZNF683,ZNF683
TKT,TKT
CYTH3,CYTH3
SLFN11,SLFN11
DDIT3,DDIT3
IDS,IDS
TRAV38-2DV8,TRAV38-2DV8
POLE,POLE
NCKAP1,NCKAP1
MSH3,MSH3
LINC02384,LINC02384
RIPK2,RIPK2
SMC1B,SMC1B
CYSTM1,CYSTM1
HLA-G,HLA-G
FNDC3B,FNDC3B
GDF7,GDF7
EVI5,EVI5
ULBP2,ULBP2
LINC00384,LINC00384
DAPK2,DAPK2
LINC02851,LINC02851
LINC00989,LINC00989
AEBP1,AEBP1
CNN1,CNN1
APOBEC3G,APOBEC3G
AK5,AK5
OXSM,OXSM
CD70,CD70
DAAM1,DAAM1
CORIN,CORIN
HMGA1,HMGA1
ABHD5,ABHD5
CRIP1,CRIP1
HOXA9,HOXA9
PRTN3,PRTN3
AXL,AXL
TOB2,TOB2
ACAD8,ACAD8
TMEM263,TMEM263
WNT10A,WNT10A
LINC02345,LINC02345
IGHV3-33,IGHV3-33
TRGC2,TRGC2
AEN,AEN
CSRP2,CSRP2
ACSL3,ACSL3
MYADM,MYADM
GOLGA8R,GOLGA8R
RNF145,RNF145
LINC01281,LINC01281
ST6GALNAC3,ST6GALNAC3
SPON2,SPON2
FCHO2,FCHO2
ARSD,ARSD
GPBP1L1,GPBP1L1
CYP51A1,CYP51A1
REXO2,REXO2
CD28,CD28
NLRC3,NLRC3
LTBP1,LTBP1
GATA1,GATA1
S1PR5,S1PR5
ILDR2,ILDR2
MT-ATP8,MT-ATP8
ADORA3,ADORA3
MORN3,MORN3
GNLY,GNLY
CLIC3,CLIC3
CAST,CAST
CD55,CD55
PADI2,PADI2
PHIP,PHIP
IL26,IL26
XRN2,XRN2
REPS2,REPS2
NAV2,NAV2
TMEM63C,TMEM63C
SBSPON,SBSPON
ZWINT,ZWINT
ZNF595,ZNF595
CYP2F1,CYP2F1
IL7R,IL7R
TRAV34,TRAV34
ASPRV1,ASPRV1
SHISA2,SHISA2
PRR5,PRR5
SELENOP,SELENOP
KEL,KEL
SPDYC,SPDYC
KLRG1,KLRG1
PPP3CB,PPP3CB
RAF1,RAF1
CDH20,CDH20
CLEC9A,CLEC9A
NME2,NME2
MOB3A,MOB3A
IGKV1D-13,IGKV1D-13
AUP1,AUP1
RAB37,RAB37
HOXA7,HOXA7
KLRK1,KLRK1
GRAMD4,GRAMD4
MEX3C,MEX3C
EHD3,EHD3
FRMD4A,FRMD4A
HRH1,HRH1
MAPK14,MAPK14
AQP3,AQP3
JAKMIP1,JAKMIP1
STRN3,STRN3
LZTS1,LZTS1
ADA,ADA
MED12,MED12
EBF4,EBF4
PENK,PENK
LAYN,LAYN
HBD,HBD
HEXB,HEXB
IL6ST,IL6ST
GSTO2,GSTO2
OTUD7A,OTUD7A
STX3,STX3
IGKV1-17,IGKV1-17
XAF1,XAF1
LGALSL,LGALSL
PDLIM3,PDLIM3
MME,MME
DACH1,DACH1
BMP3,BMP3
CACNA1A,CACNA1A
FBXL2,FBXL2
POMZP3,POMZP3
SHANK3,SHANK3
SDF2L1,SDF2L1
GLDN,GLDN
OR2B6,OR2B6
FPGS,FPGS
TTK,TTK
SLCO4C1,SLCO4C1
RASGRP1,RASGRP1
ZNF714,ZNF714
SMC4,SMC4
RNGTT,RNGTT
IGKC,IGKC
RUFY1,RUFY1
XCL2,XCL2
HLF,HLF
BAG3,BAG3
CCR4,CCR4
RANBP10,RANBP10
BARX2,BARX2
GNG11,GNG11
NSG1,NSG1
CTSS,CTSS
UBASH3A,UBASH3A
B3GNT7,B3GNT7
DPP4,DPP4
CXCR1,CXCR1
LINC01871,LINC01871
CAVIN2,CAVIN2
ZDHHC18,ZDHHC18
WNK3,WNK3
IL6R,IL6R
HMMR,HMMR
ST6GAL1,ST6GAL1
ANXA2R,ANXA2R
CHD7,CHD7
PTPRN2,PTPRN2
RSPH3,RSPH3
EGFL7,EGFL7
COLGALT1,COLGALT1
SMIM24,SMIM24
SLC4A1,SLC4A1
CILP,CILP
UPP1,UPP1
GDF11,GDF11
CEMIP,CEMIP
PCCB,PCCB
FAM13A,FAM13A
LINC00482,LINC00482
CDCA7L,CDCA7L
MRTFA,MRTFA
ZNF341,ZNF341
TNFRSF17,TNFRSF17
CLEC4G,CLEC4G
ICA1,ICA1
DZANK1,DZANK1
CAV1,CAV1
SPINK2,SPINK2
BEX3,BEX3
C2CD4A,C2CD4A
TAPT1,TAPT1
MET,MET
ARHGAP29,ARHGAP29
PBX4,PBX4
CAPG,CAPG
ITGA2,ITGA2
CMYA5,CMYA5
PDZK1,PDZK1
FFAR2,FFAR2
TUBA1A,TUBA1A
IGKV1D-8,IGKV1D-8
SLC43A3,SLC43A3
PRKCG,PRKCG
BMP2,BMP2
CCDC73,CCDC73
PHACTR2,PHACTR2
SLC38A7,SLC38A7
HBG1,HBG1
MKNK1,MKNK1
LINC02132,LINC02132
PLEKHB1,PLEKHB1
PDZD2,PDZD2
BASP1,BASP1
CYP46A1,CYP46A1
TYMS,TYMS
TIPARP,TIPARP
NCR1,NCR1
FSTL4,FSTL4
DAGLB,DAGLB
IFNL1,IFNL1
TNFAIP6,TNFAIP6
MYO3B,MYO3B
SLC22A1,SLC22A1
CXCR3,CXCR3
TGFB1I1,TGFB1I1
FCER1A,FCER1A
CXCL9,CXCL9
PMP22,PMP22
TRAV30,TRAV30
WNT11,WNT11
KIR3DX1,KIR3DX1
TCF7,TCF7
RNF31,RNF31
RYBP,RYBP
CPPED1,CPPED1
TNNI3,TNNI3
PRDX4,PRDX4
COL5A3,COL5A3
NADK,NADK
SLC37A3,SLC37A3
ABCC10,ABCC10
ECHDC3,ECHDC3
EGLN3,EGLN3
TOX,TOX
KIF27,KIF27
CTSD,CTSD
TRBV13,TRBV13
EXOC6,EXOC6
KIF15,KIF15
MGST2,MGST2
RIPOR2,RIPOR2
RPLP1,RPLP1
LARGE2,LARGE2
FHDC1,FHDC1
STK31,STK31
VTA1,VTA1
ZNF250,ZNF250
HTR7,HTR7
GBP2,GBP2
AKAP5,AKAP5
ABI3,ABI3
C2CD4D,C2CD4D
ERBB2,ERBB2
PDZK1IP1,PDZK1IP1
MAP3K7CL,MAP3K7CL
LINC01176,LINC01176
CNR2,CNR2
TENT5C,TENT5C
PGM2L1,PGM2L1
ELOVL4,ELOVL4
SEPTIN11,SEPTIN11
ZNF611,ZNF611
NPC2,NPC2
SYT1,SYT1
CLDN4,CLDN4
ULBP1,ULBP1
NUP214,NUP214
RGS10,RGS10
BTLA,BTLA
ARC,ARC
ADARB1,ADARB1
AK2,AK2
SLC7A5,SLC7A5
ENPP1,ENPP1
LAIR2,LAIR2
ITGB1,ITGB1
KRT86,KRT86
RPS6KA2,RPS6KA2
SAA2,SAA2
AP5B1,AP5B1
SLFN14,SLFN14
LILRA2,LILRA2
RETREG1,RETREG1
CD300A,CD300A
CALCRL,CALCRL
TRAV20,TRAV20
VPS9D1,VPS9D1
VAT1,VAT1
SLC7A8,SLC7A8
OLMALINC,OLMALINC
GDF10,GDF10
SAP30,SAP30
DGKK,DGKK
ASPM,ASPM
COCH,COCH
SH3BGRL2,SH3BGRL2
MYL9,MYL9
SIRT5,SIRT5
OSM,OSM
SWAP70,SWAP70
DENND1A,DENND1A
IL1RAP,IL1RAP
LMNB1,LMNB1
DGKH,DGKH
CDT1,CDT1
CPNE5,CPNE5
RPL13,RPL13
NLRP3,NLRP3
CTDP1,CTDP1
CAPN12,CAPN12
ITGB1-DT,ITGB1-DT
PIGU,PIGU
IGHV6-1,IGHV6-1
ITGB3,ITGB3
MMP23B,MMP23B
CCDC7,CCDC7
MRPS24,MRPS24
PRSS2,PRSS2
TMEM88,TMEM88
CD36,CD36
IFT74,IFT74
MYH15,MYH15
CENPF,CENPF
EPHX1,EPHX1
IFIT3,IFIT3
PODN,PODN
P2RX1,P2RX1
SOX8,SOX8
PTPRK,PTPRK
LINC02099,LINC02099
BRDT,BRDT
TRBV5-1,TRBV5-1
ELL,ELL
FXYD2,FXYD2
RNASE1,RNASE1
IGLV3-25,IGLV3-25
KIAA0087,KIAA0087
SPTA1,SPTA1
IRF8,IRF8
CSF1,CSF1
FCGR3A,FCGR3A
KIF1B,KIF1B
GPRC5A,GPRC5A
PTMA,PTMA
CLEC11A,CLEC11A
STEAP4,STEAP4
IL17RD,IL17RD
TSLP,TSLP
ZSCAN31,ZSCAN31
ELOVL6,ELOVL6
PERP,PERP
TCAF2,TCAF2
SH3BP2,SH3BP2
NCAM1,NCAM1
PILRB,PILRB
ALPL,ALPL
JDP2,JDP2
VGF,VGF
BEX2,BEX2
MLC1,MLC1
EML4,EML4
UNC5CL,UNC5CL
RCC1,RCC1
EFCAB10,EFCAB10
ZBTB21,ZBTB21
DLGAP5,DLGAP5
A2M,A2M
HTR3A,HTR3A
LGR6,LGR6
SYCP3,SYCP3
CHD9,CHD9
LCN2,LCN2
STK40,STK40
SLA2,SLA2
SNN,SNN
SMPDL3A,SMPDL3A
CENPA,CENPA
NEK8,NEK8
PLCG1,PLCG1
APOBEC3F,APOBEC3F
AHI1,AHI1
TNFRSF4,TNFRSF4
LINC00958,LINC00958
NECAB1,NECAB1
SPN,SPN
ODF3B,ODF3B
KDM6B,KDM6B
SPATS2L,SPATS2L
IGF1R,IGF1R
NEFL,NEFL
ATP6V1A,ATP6V1A
SREK1,SREK1
TRBV3-1,TRBV3-1
SHROOM4,SHROOM4
TMEM35B,TMEM35B
LDHAL6A,LDHAL6A
FCRL4,FCRL4
CTTN,CTTN
IQGAP1,IQGAP1
SLC2A5,SLC2A5
ZBED4,ZBED4
XPO7,XPO7
ABCA1,ABCA1
CCNB2,CCNB2
IFNB1,IFNB1
LINC00937,LINC00937
NAP1L2,NAP1L2
ZC3H12A,ZC3H12A
PTH2,PTH2
ERICH3,ERICH3
PPP1R15B,PPP1R15B
RPS12,RPS12
UTS2B,UTS2B
NUAK1,NUAK1
FHIT,FHIT
EPHA4,EPHA4
METRNL,METRNL
SPPL3,SPPL3
PKIG,PKIG
NPDC1,NPDC1
TMEM156,TMEM156
GPRC5C,GPRC5C
MAPRE2,MAPRE2
C1QTNF4,C1QTNF4
PMM1,PMM1
TRBV6-1,TRBV6-1
SEC14L2,SEC14L2
ZRANB1,ZRANB1
KRT81,KRT81
SAMD4B,SAMD4B
EDARADD,EDARADD
FAM177B,FAM177B
CHFR,CHFR
MDM2,MDM2
ARHGEF26,ARHGEF26
PELI2,PELI2
ZNF445,ZNF445
LINC01270,LINC01270
FAM110A,FAM110A
PID1,PID1
IGHV3-49,IGHV3-49
RCAN3,RCAN3
ELP1,ELP1
RBFOX3,RBFOX3
NPRL2,NPRL2
LINC02076,LINC02076
LMO4,LMO4
AGO3,AGO3
PRKCZ,PRKCZ
CRYM,CRYM
PPP1R12C,PPP1R12C
ERCC5,ERCC5
IGLV2-14,IGLV2-14
CKM,CKM
IGHV3-64D,IGHV3-64D
TBL1X,TBL1X
GPR137C,GPR137C
PRRT4,PRRT4
LINC02086,LINC02086
EDN3,EDN3
EIF1AY,EIF1AY
HSPD1,HSPD1
MGST1,MGST1
MAU2,MAU2
DIRAS3,DIRAS3
ROR1,ROR1
KLHDC10,KLHDC10
PKN2,PKN2
ATP1B2,ATP1B2
TPM4,TPM4
SLF1,SLF1
CXCL2,CXCL2
PCNX1,PCNX1
TRGV10,TRGV10
PBX1,PBX1
CAMK2B,CAMK2B
DUSP5,DUSP5
S1PR3,S1PR3
IL1RN,IL1RN
TYK2,TYK2
NTRK2,NTRK2
SCX,SCX
RUNDC3A,RUNDC3A
CD163,CD163
M1AP,M1AP
ABCC2,ABCC2
SDCBP,SDCBP
FAM210B,FAM210B
CAPN5,CAPN5
SYCE1,SYCE1
SEMA6B,SEMA6B
NRP2,NRP2
PLTP,PLTP
MUC12,MUC12
PRRT2,PRRT2
CCDC112,CCDC112
TRBV23-1,TRBV23-1
PART1,PART1
ZNF783,ZNF783
HELLS,HELLS
TRBV9,TRBV9
USP36,USP36
INPP4B,INPP4B
GRAMD2B,GRAMD2B
TNFRSF25,TNFRSF25
GBE1,GBE1
STX1A,STX1A
DNAAF2,DNAAF2
KRT5,KRT5
IGHV5-51,IGHV5-51
PRKG1,PRKG1
LINC02218,LINC02218
CAMKK2,CAMKK2
LITAF,LITAF
CHN1,CHN1
POGLUT2,POGLUT2
LPO,LPO
DNAJC5B,DNAJC5B
ZBTB10,ZBTB10
PROK2,PROK2
DOT1L,DOT1L
PILRA,PILRA
SEMA4D,SEMA4D
MIR3142HG,MIR3142HG
CCNL1,CCNL1
GRN,GRN
ZC3H18,ZC3H18
IGFBP4,IGFBP4
RAD50,RAD50
CSTB,CSTB
BICRAL,BICRAL
PREX2,PREX2
PRCD,PRCD
PHLDB2,PHLDB2
MAP2K3,MAP2K3
SIN3A,SIN3A
DGKI,DGKI
LINC02362,LINC02362
CXCL8,CXCL8
CLEC16A,CLEC16A
LINC01550,LINC01550
GSTP1,GSTP1
TTPAL,TTPAL
PPFIA1,PPFIA1
BCL2L1,BCL2L1
ADAM12,ADAM12
MSRB3,MSRB3
PLCL1,PLCL1
KCTD10,KCTD10
LINC01635,LINC01635
PRC1,PRC1
ARHGAP8,ARHGAP8
ACOD1,ACOD1
ZNF667,ZNF667
DIP2C,DIP2C
KCNRG,KCNRG
TRAV27,TRAV27
GPX3,GPX3
TRDC,TRDC
YTHDF3,YTHDF3
LY6E,LY6E
GATA3-AS1,GATA3-AS1
QRSL1,QRSL1
TRBV25-1,TRBV25-1
CEP128,CEP128
LINC00926,LINC00926
BLK,BLK
DNHD1,DNHD1
DOCK8,DOCK8
IL32,IL32
DYSF,DYSF
ABHD17A,ABHD17A
DNAJB6,DNAJB6
HSD11B1,HSD11B1
CACNG8,CACNG8
ZNF490,ZNF490
RRAD,RRAD
MAK,MAK
ZDHHC14,ZDHHC14
CEP83,CEP83
ATP6V0C,ATP6V0C
LEFTY1,LEFTY1
ZNF763,ZNF763
PFKFB3,PFKFB3
PAXBP1,PAXBP1
PCLO,PCLO
NEIL1,NEIL1
E2F5,E2F5
PPP1R15A,PPP1R15A
GRAP2,GRAP2
MT-ND6,MT-ND6
TRAV40,TRAV40
TSPAN32,TSPAN32
USP32,USP32
VLDLR,VLDLR
ITGAD,ITGAD
ANKRD50,ANKRD50
MAN1A1,MAN1A1
TSHZ2,TSHZ2
ZNF674-AS1,ZNF674-AS1
CTSZ,CTSZ
HSPA8,HSPA8
NTM,NTM
CD84,CD84
RRBP1,RRBP1
TSPYL2,TSPYL2
ZNF101,ZNF101
CCAR2,CCAR2
SYCE1L,SYCE1L
NME9,NME9
SIDT1,SIDT1
PPIL4,PPIL4
CFP,CFP
MFSD10,MFSD10
BICDL2,BICDL2
LTBP4,LTBP4
MIR155HG,MIR155HG
LYPD3,LYPD3
CECR2,CECR2
C1QC,C1QC
DTYMK,DTYMK
TMEM144,TMEM144
ACVR2B,ACVR2B
TRAV17,TRAV17
NDUFA4L2,NDUFA4L2
TBXA2R,TBXA2R
USP19,USP19
FCHSD1,FCHSD1
NOM1,NOM1
PTGS1,PTGS1
LY9,LY9
ATF5,ATF5
CNIH3,CNIH3
CHID1,CHID1
BIN2,BIN2
SLC2A6,SLC2A6
CALD1,CALD1
ZBED5,ZBED5
TMEM71,TMEM71
SERPINB9P1,SERPINB9P1
SLC26A6,SLC26A6
SAR1B,SAR1B
MEFV,MEFV
CPA5,CPA5
FAM174B,FAM174B
LSMEM1,LSMEM1
MYT1L,MYT1L
MND1,MND1
MT-ND4L,MT-ND4L
NET1,NET1
LSP1,LSP1
FLT3LG,FLT3LG
CNTN2,CNTN2
LCAT,LCAT
PLEKHG2,PLEKHG2
MCM5,MCM5
NEAT1,NEAT1
LUCAT1,LUCAT1
GMIP,GMIP
CFAP70,CFAP70
ANKDD1A,ANKDD1A
DDIT4L,DDIT4L
VCAN,VCAN
MCM7,MCM7
MS4A6A,MS4A6A
PLAUR,PLAUR
FLT1,FLT1
MAP3K9,MAP3K9
ZKSCAN1,ZKSCAN1
CD27,CD27
STX17,STX17
IGHV2-26,IGHV2-26
ITM2C,ITM2C
STXBP5,STXBP5
DIPK1B,DIPK1B
DCST1,DCST1
FOXC1,FOXC1
KIF20B,KIF20B
LAMP3,LAMP3
NFE2,NFE2
ABI3BP,ABI3BP
GREB1L,GREB1L
ADPRHL1,ADPRHL1
CNFN,CNFN
ASGR1,ASGR1
FAM193A,FAM193A
TAF4B,TAF4B
CPEB4,CPEB4
JSRP1,JSRP1
CXCL14,CXCL14
UHRF1,UHRF1
SPTB,SPTB
CENPL,CENPL
IP6K1,IP6K1
TNFRSF12A,TNFRSF12A
IGHV3-73,IGHV3-73
MRC1,MRC1
ERRFI1,ERRFI1
SMG9,SMG9
ADAMTS6,ADAMTS6
BRMS1,BRMS1
CSF2,CSF2
CCNH,CCNH
ARAP1,ARAP1
ADGRG1,ADGRG1
ADAMTS1,ADAMTS1
LINC01560,LINC01560
CD207,CD207
RBPMS2,RBPMS2
KCNQ3,KCNQ3
SETD1B,SETD1B
CKAP2L,CKAP2L
CYB5D2,CYB5D2
TPRG1-AS1,TPRG1-AS1
NEXN,NEXN
FBXL13,FBXL13
FLT4,FLT4
MACROD2,MACROD2
TRBV2,TRBV2
APTR,APTR
PCYT1B,PCYT1B
MT-CO1,MT-CO1
DDX42,DDX42
WASIR2,WASIR2
TRIM24,TRIM24
ACRBP,ACRBP
EPB41L3,EPB41L3
ICE1,ICE1
ANKHD1-EIF4EBP3,ANKHD1-EIF4EBP3
LINC00324,LINC00324
ANKH,ANKH
GRB14,GRB14
DHTKD1,DHTKD1
DLK1,DLK1
GPR183,GPR183
CFAP45,CFAP45
ADGRG3,ADGRG3
AGPAT4,AGPAT4
MAP2K1,MAP2K1
TF,TF
CHAF1B,CHAF1B
GSC,GSC
GPR171,GPR171
EFNA1,EFNA1
NAP1L5,NAP1L5
TMX4,TMX4
VPS37B,VPS37B
PDK4,PDK4
ZNF90,ZNF90
MPEG1,MPEG1
LINC02029,LINC02029
PECAM1,PECAM1
FAM178B,FAM178B
LAMA5,LAMA5
EMCN,EMCN
ZNF281,ZNF281
SMIM22,SMIM22
IGLC3,IGLC3
APOBEC3A,APOBEC3A
LRRN3,LRRN3
GATA3,GATA3
SYBU,SYBU
SH3YL1,SH3YL1
NPR3,NPR3
PLAC9,PLAC9
CCDC137,CCDC137
AGFG1,AGFG1
PGAP1,PGAP1
GUCY1B1,GUCY1B1
LEF1,LEF1
IMPA1,IMPA1
ANK1,ANK1
PTGFRN,PTGFRN
HMOX1,HMOX1
LINC01480,LINC01480
MBD1,MBD1
QPCT,QPCT
ACSL6,ACSL6
SARDH,SARDH
HPX,HPX
E2F3,E2F3
RNF25,RNF25
COL1A1,COL1A1
FSD1,FSD1
SAMHD1,SAMHD1
BACH1,BACH1
GPR132,GPR132
PLA2G12A,PLA2G12A
CD3E,CD3E
LINC01229,LINC01229
PCDHGA5,PCDHGA5
IL1A,IL1A
POU5F1B,POU5F1B
CITED2,CITED2
CPA3,CPA3
ATP11C,ATP11C
TLR2,TLR2
BCL2,BCL2
SNHG25,SNHG25
TCF4,TCF4
MSC,MSC
DNAJC3-DT,DNAJC3-DT
TSC22D3,TSC22D3
BCL11B,BCL11B
CAMK2G,CAMK2G
UROD,UROD
ZC3H6,ZC3H6
TRBV18,TRBV18
CARNS1,CARNS1
GPR27,GPR27
PRSS23,PRSS23
NCR3,NCR3
ACVR1C,ACVR1C
PRX,PRX
KIAA1671,KIAA1671
SLC35D3,SLC35D3
TNS2,TNS2
TRAF1,TRAF1
NPTXR,NPTXR
VSIG8,VSIG8
LINGO2,LINGO2
STAT5B,STAT5B
NTRK1,NTRK1
CYBB,CYBB
MAMDC2,MAMDC2
DGKZ,DGKZ
ARL15,ARL15
SLC23A1,SLC23A1
LPCAT1,LPCAT1
HAL,HAL
RGS9,RGS9
GAS6,GAS6
FAM219A,FAM219A
LINC02325,LINC02325
GFOD1,GFOD1
KLRC2,KLRC2
DPEP2,DPEP2
GIMAP7,GIMAP7
FHOD1,FHOD1
PRRG4,PRRG4
IGHV1-24,IGHV1-24
VSIG4,VSIG4
AGL,AGL
MSI2,MSI2
SKAP2,SKAP2
MTURN,MTURN
CFAP161,CFAP161
ACSS3,ACSS3
IGHV3-43,IGHV3-43
FAM182B,FAM182B
QRICH2,QRICH2
PGRMC1,PGRMC1
GCLM,GCLM
RIOK3,RIOK3
MIR503HG,MIR503HG
SCAP,SCAP
SSTR2,SSTR2
CDKL2,CDKL2
KPNA1,KPNA1
CCNA1,CCNA1
PLA2G2D,PLA2G2D
ALOX5AP,ALOX5AP
IL18R1,IL18R1
LINC01291,LINC01291
CCL5,CCL5
SMIM3,SMIM3
HBG2,HBG2
NFRKB,NFRKB
EGR4,EGR4
PSTPIP1,PSTPIP1
HPGD,HPGD
SLC51A,SLC51A
TSPOAP1,TSPOAP1
ANKDD1B,ANKDD1B
NEU1,NEU1
SYTL2,SYTL2
DCDC2B,DCDC2B
DAPP1,DAPP1
NDRG4,NDRG4
OBSCN,OBSCN
SLC1A7,SLC1A7
EXD3,EXD3
GNS,GNS
ENOX2,ENOX2
FGD3,FGD3
PELI1,PELI1
RPL27A,RPL27A
RHEBL1,RHEBL1
NCOA5,NCOA5
ORC6,ORC6
ADCY9,ADCY9
GZMM,GZMM
ZNF793,ZNF793
ACSL1,ACSL1
GALNT4,GALNT4
RASSF8,RASSF8
IRF7,IRF7
ZEB2,ZEB2
GNAQ,GNAQ
SLC25A30-AS1,SLC25A30-AS1
NLRX1,NLRX1
NEDD4L,NEDD4L
DUSP6,DUSP6
FBP1,FBP1
SKAP1,SKAP1
LY96,LY96
ZMAT4,ZMAT4
SPATA6L,SPATA6L
UBE2J1,UBE2J1
FGF14-AS2,FGF14-AS2
IGKV1-39,IGKV1-39
CXCR6,CXCR6
SYNE4,SYNE4
TRGV3,TRGV3
ABCB4,ABCB4
VIM,VIM
HTRA3,HTRA3
GNB5,GNB5
RPL17,RPL17
P2RY11,P2RY11
GIMAP4,GIMAP4
CTSL,CTSL
DOCK4,DOCK4
CCDC85A,CCDC85A
SOX7,SOX7
TSPAN9,TSPAN9
ALOX12,ALOX12
LINC00426,LINC00426
C5AR1,C5AR1
MXD3,MXD3
RPL10,RPL10
MEF2C,MEF2C
CCDC146,CCDC146
DMXL2,DMXL2
GLB1L2,GLB1L2
PRAM1,PRAM1
QRICH1,QRICH1
NCOA4,NCOA4
LAP3,LAP3
ZNF267,ZNF267
LEMD1-DT,LEMD1-DT
SLC6A6,SLC6A6
GZMA,GZMA
LDB2,LDB2
TRAV2,TRAV2
TRAV26-2,TRAV26-2
IQCG,IQCG
POU2F2,POU2F2
FNBP1L,FNBP1L
CALY,CALY
HOXA5,HOXA5
HSPA5,HSPA5
TMEM272,TMEM272
AIRE,AIRE
PATL2,PATL2
GDPD3,GDPD3
MAX,MAX
PSD,PSD
MED15,MED15
NADSYN1,NADSYN1
LAMB3,LAMB3
TMEM203,TMEM203
TRAV8-6,TRAV8-6
DLC1,DLC1
DIAPH2,DIAPH2
ADCY3,ADCY3
BOD1L1,BOD1L1
DBT,DBT
ST6GALNAC6,ST6GALNAC6
FADS3,FADS3
STARD9,STARD9
CPT1A,CPT1A
DGKE,DGKE
TGS1,TGS1
STARD3,STARD3
FSIP1,FSIP1
RASGRF2,RASGRF2
RAG1,RAG1
GBP1,GBP1
DPH6,DPH6
TRIB2,TRIB2
NEO1,NEO1
MOK,MOK
USP53,USP53
CAPN15,CAPN15
PPM1F,PPM1F
TDRD15,TDRD15
NXPH4,NXPH4
DNAJC5,DNAJC5
FOXO6,FOXO6
NPPA,NPPA
SORBS1,SORBS1
DNAJA4,DNAJA4
TAL2,TAL2
NFATC1,NFATC1
FCER1G,FCER1G
CKS1B,CKS1B
KCNMA1,KCNMA1
WDFY2,WDFY2
GIMAP6,GIMAP6
MPZL3,MPZL3
CALR,CALR
TMEM184B,TMEM184B
SMAD9,SMAD9
MYO7B,MYO7B
TWIST2,TWIST2
KBTBD7,KBTBD7
FAS,FAS
RAB43,RAB43
PLAC8,PLAC8
CASC15,CASC15
PRRG2,PRRG2
HOPX,HOPX
ANKRD22,ANKRD22
PHACTR4,PHACTR4
GLA,GLA
TRAV4,TRAV4
LURAP1L,LURAP1L
ANKRD20A1,ANKRD20A1
TPH1,TPH1
CATIP,CATIP
LINC00671,LINC00671
KCTD12,KCTD12
IRAK4,IRAK4
SPTSSB,SPTSSB
MPP1,MPP1
TLN1,TLN1
LMBRD1,LMBRD1
MGST3,MGST3
EPB42,EPB42
CDKN1A,CDKN1A
ASCC1,ASCC1
EPHB6,EPHB6
DGAT2,DGAT2
CPM,CPM
GPRASP1,GPRASP1
RNF125,RNF125
CCR9,CCR9
LEPROTL1,LEPROTL1
HSPA2,HSPA2
CCR3,CCR3
LARGE1,LARGE1
RHOB,RHOB
ARRDC3,ARRDC3
AREL1,AREL1
HSD17B2,HSD17B2
LDLR,LDLR
CLDND2,CLDND2
DYM,DYM
FAM124A,FAM124A
IPO8,IPO8
SNX14,SNX14
P2RX5-TAX1BP3,P2RX5-TAX1BP3
GNG10,GNG10
TEX22,TEX22
CD247,CD247
CD3D,CD3D
WHRN,WHRN
LIMK2,LIMK2
KCNJ2,KCNJ2
APOC1,APOC1
ZNF571,ZNF571
CXXC5,CXXC5
ZNF804A,ZNF804A
PBLD,PBLD
PLK2,PLK2
ZDHHC13,ZDHHC13
SLC11A1,SLC11A1
DGKG,DGKG
APLP1,APLP1
GPR65,GPR65
IRAK2,IRAK2
ZNF385D,ZNF385D
ST8SIA6,ST8SIA6
LINC02709,LINC02709
FN1,FN1
PRSS35,PRSS35
ITGAM,ITGAM
TNFRSF18,TNFRSF18
CKAP2,CKAP2
RIF1,RIF1
TRGV8,TRGV8
MIA,MIA
BCL2L15,BCL2L15
COL6A3,COL6A3
CMSS1,CMSS1
LINC01013,LINC01013
LTBR,LTBR
ARFGEF2,ARFGEF2
SYNE2,SYNE2
LUC7L,LUC7L
EGR1,EGR1
CATSPERB,CATSPERB
LIPC,LIPC
TIMMDC1,TIMMDC1
A4GALT,A4GALT
DHX38,DHX38
IFNGR1,IFNGR1
CCDC125,CCDC125
ACSL4,ACSL4
SEPTIN5,SEPTIN5
SPI1,SPI1
IGLV8-61,IGLV8-61
IGLV1-47,IGLV1-47
PPARA,PPARA
S100B,S100B
KDM6A,KDM6A
DHDH,DHDH
ZG16B,ZG16B
GAREM1,GAREM1
MAP3K3,MAP3K3
FAM167B,FAM167B
NFIX,NFIX
PLA2G4B,PLA2G4B
SNX10,SNX10
DTX1,DTX1
ATP8B4,ATP8B4
IGHV4-31,IGHV4-31
NKIRAS1,NKIRAS1
JUN,JUN
GSTM3,GSTM3
FCRL1,FCRL1
NGLY1,NGLY1
HLA-DPB1,HLA-DPB1
LINC00243,LINC00243
RYR2,RYR2
SDS,SDS
RIMKLB,RIMKLB
IGLV3-9,IGLV3-9
DLG5,DLG5
ANKRD39,ANKRD39
HPGDS,HPGDS
HCST,HCST
ZBTB32,ZBTB32
FFAR1,FFAR1
MOXD1,MOXD1
HRK,HRK
TXNIP,TXNIP
TBC1D14,TBC1D14
MYRIP,MYRIP
PDE5A,PDE5A
RBM38,RBM38
TRAV8-2,TRAV8-2
GH1,GH1
TMEM200A,TMEM200A
DOP1B,DOP1B
FAM161A,FAM161A
P2RY14,P2RY14
GNG3,GNG3
HES6,HES6
ARL6IP1,ARL6IP1
LCOR,LCOR
FYB1,FYB1
TRAV22,TRAV22
MYH9,MYH9
GABRB2,GABRB2
TTLL5,TTLL5
SOX4,SOX4
TMSB4X,TMSB4X
RDH10,RDH10
MACF1,MACF1
EBI3,EBI3
EMILIN2,EMILIN2
MROH1,MROH1
APBB1,APBB1
CDH13,CDH13
FAM20A,FAM20A
LSR,LSR
SLC26A2,SLC26A2
INSL3,INSL3
ZNF827,ZNF827
MAOA,MAOA
RTN3,RTN3
NRGN,NRGN
GABARAP,GABARAP
AGBL5,AGBL5
CD44,CD44
GNG2,GNG2
MIR9-3HG,MIR9-3HG
LDLRAD4,LDLRAD4
TAL1,TAL1
HAP1,HAP1
MPO,MPO
PNPLA2,PNPLA2
SLCO3A1,SLCO3A1
IGHM,IGHM
CFB,CFB
CXCL12,CXCL12
RAI2,RAI2
SCN9A,SCN9A
IGHV4-28,IGHV4-28
FAM89A,FAM89A
TUBB1,TUBB1
INKA1,INKA1
APBB3,APBB3
MYLIP,MYLIP
MON1A,MON1A
ME3,ME3
GPC3,GPC3
CD72,CD72
CCNG2,CCNG2
LRP2BP,LRP2BP
PHGDH,PHGDH
ADGRV1,ADGRV1
CLEC1B,CLEC1B
PYGL,PYGL
FMNL2,FMNL2
GIPC2,GIPC2
FGFR1,FGFR1
ZNF774,ZNF774
SCML4,SCML4
NRBF2,NRBF2
FAM120A,FAM120A
FZD3,FZD3
LINC02328,LINC02328
DAB2,DAB2
TGFBR1,TGFBR1
HSPA1A,HSPA1A
PTGIS,PTGIS
E4F1,E4F1
PAGR1,PAGR1
BCL2A1,BCL2A1
SIRPB1,SIRPB1
PYHIN1,PYHIN1
SCGB3A1,SCGB3A1
VIPR2,VIPR2
CPD,CPD
PTPRE,PTPRE
GLIPR1L2,GLIPR1L2
TNFRSF10C,TNFRSF10C
NOS1AP,NOS1AP
GEMIN7,GEMIN7
APOBEC3D,APOBEC3D
ARRB2,ARRB2
HK1,HK1
TRA2B,TRA2B
MCM6,MCM6
AKR1C1,AKR1C1
METTL7A,METTL7A
TRAPPC5,TRAPPC5
GSAP,GSAP
SORL1,SORL1
BICDL1,BICDL1
JMJD6,JMJD6
HLA-DPA1,HLA-DPA1
TFRC,TFRC
FST,FST
LINGO4,LINGO4
KAZN,KAZN
ASF1B,ASF1B
STX11,STX11
SCD5,SCD5
FOXO1,FOXO1
TGFBI,TGFBI
DZIP3,DZIP3
MAP1B,MAP1B
ZNF831,ZNF831
HYOU1,HYOU1
JADE3,JADE3
PRSS57,PRSS57
PPFIBP1,PPFIBP1
IFI30,IFI30
HLA-DQB1,HLA-DQB1
DNAL4,DNAL4
ARHGAP33,ARHGAP33
MINDY1,MINDY1
ITGB7,ITGB7
NAIP,NAIP
DMKN,DMKN
PDXP,PDXP
ARID5B,ARID5B
RAB3IP,RAB3IP
CYFIP2,CYFIP2
ADTRP,ADTRP
RPL21,RPL21
TYMP,TYMP
RGPD1,RGPD1
CENPU,CENPU
GYPB,GYPB
EMP3,EMP3
ZNF346,ZNF346
DCN,DCN
TCF12,TCF12
LINC02217,LINC02217
GPS2,GPS2
TNFSF11,TNFSF11
SMAD4,SMAD4
TPST2,TPST2
RTKN2,RTKN2
BTNL8,BTNL8
SGCD,SGCD
NEK2,NEK2
IGHV3-15,IGHV3-15
UBB,UBB
MYOM2,MYOM2
RGPD2,RGPD2
LINC02754,LINC02754
FES,FES
SNX18,SNX18
CMTM6,CMTM6
PHLDA3,PHLDA3
PYGM,PYGM
LINC01220,LINC01220
SLFN12L,SLFN12L
PLD3,PLD3
TNIK,TNIK
PLIN4,PLIN4
TAGAP,TAGAP
PBK,PBK
TBX21,TBX21
IGHV4-34,IGHV4-34
LRRC19,LRRC19
UBOX5,UBOX5
KIF3A,KIF3A
P3H4,P3H4
TTC21A,TTC21A
PREX1,PREX1
AKR1C3,AKR1C3
FJX1,FJX1
CCDC50,CCDC50
OXNAD1,OXNAD1
MEOX1,MEOX1
SLTM,SLTM
CCN2,CCN2
XKR4,XKR4
LINC00469,LINC00469
UBE2T,UBE2T
PPP1R10,PPP1R10
ARAF,ARAF
DNAH6,DNAH6
PRKCB,PRKCB
SERPINE3,SERPINE3
LINC02649,LINC02649
CDCA3,CDCA3
PARVG,PARVG
TGFBR3,TGFBR3
DEF8,DEF8
HIF1A-AS3,HIF1A-AS3
LAT,LAT
RPS8,RPS8
SLC43A2,SLC43A2
MATN1,MATN1
SPRY2,SPRY2
PDCD1,PDCD1
SMC2,SMC2
ABCC4,ABCC4
VPREB1,VPREB1
RAB3C,RAB3C
AFF3,AFF3
ANGEL2,ANGEL2
PGF,PGF
INTS6,INTS6
RAB6B,RAB6B
CSAD,CSAD
MT-ATP6,MT-ATP6
TUBB2A,TUBB2A
UNKL,UNKL
ALDH3B1,ALDH3B1
YBX3,YBX3
PTGIR,PTGIR
CLCF1,CLCF1
VMO1,VMO1
ZNF829,ZNF829
CD1D,CD1D
TAGLN2,TAGLN2
TRIM56,TRIM56
MCTP2,MCTP2
IGLV9-49,IGLV9-49
NOSIP,NOSIP
KLHL2,KLHL2
LRP12,LRP12
LHFPL5,LHFPL5
PGC,PGC
CDK17,CDK17
TOB1,TOB1
PLAU,PLAU
GP6,GP6
LINC01727,LINC01727
CEP164,CEP164
ITFG1,ITFG1
CCR1,CCR1
KLRC1,KLRC1
THBD,THBD
G0S2,G0S2
BIK,BIK
KIF21B,KIF21B
RGS3,RGS3
MAP3K8,MAP3K8
MFAP3L,MFAP3L
CDK6,CDK6
PLPP3,PLPP3
ARHGAP18,ARHGAP18
CD200R1,CD200R1
INTS1,INTS1
RTL8B,RTL8B
PXYLP1,PXYLP1
DUOX1,DUOX1
STAM,STAM
RUNX3,RUNX3
FLI1,FLI1
ZNF277,ZNF277
RPS2,RPS2
KLF14,KLF14
PRKCH,PRKCH
AANAT,AANAT
NOVA1,NOVA1
TCIRG1,TCIRG1
INTS5,INTS5
GNAZ,GNAZ
MUC16,MUC16
SLC22A4,SLC22A4
SDHAF2,SDHAF2
SMAGP,SMAGP
PRAP1,PRAP1
RYR3,RYR3
IER2,IER2
TSPAN33,TSPAN33
CREBRF,CREBRF
STARD4,STARD4
ABTB1,ABTB1
UFD1,UFD1
AGBL2,AGBL2
HIF1A,HIF1A
CCR7,CCR7
IGHV3-20,IGHV3-20
CNKSR2,CNKSR2
LINC02195,LINC02195
LRP1,LRP1
NT5DC3,NT5DC3
RETREG3,RETREG3
RCAN2,RCAN2
NFKBID,NFKBID
FAM110C,FAM110C
ALDH2,ALDH2
CCDC88A,CCDC88A
CCNL2,CCNL2
SPX,SPX
TNNC2,TNNC2
E2F1,E2F1
EXD1,EXD1
PCLAF,PCLAF
PRDX2,PRDX2
IGHV3-7,IGHV3-7
TRBV10-3,TRBV10-3
PSTPIP2,PSTPIP2
PRH1,PRH1
HGD,HGD
TNFRSF1B,TNFRSF1B
TSEN54,TSEN54
ALOX15B,ALOX15B
GFI1B,GFI1B
TENM1,TENM1
TRAF4,TRAF4
NT5C,NT5C
NAA35,NAA35
SPOCK2,SPOCK2
MS4A7,MS4A7
CMC1,CMC1
TIFA,TIFA
CNTROB,CNTROB
KRT6A,KRT6A
LPAR6,LPAR6
IGHV3-66,IGHV3-66
PNMA1,PNMA1
MT-CYB,MT-CYB
TLR4,TLR4
DDHD2,DDHD2
ATP8A1,ATP8A1
KHDRBS2,KHDRBS2
IGLV4-69,IGLV4-69
NSUN7,NSUN7
RALB,RALB
RELB,RELB
KIRREL3,KIRREL3
ANLN,ANLN
AHNAK,AHNAK
HPSE,HPSE
PHOSPHO1,PHOSPHO1
PEG10,PEG10
PTMS,PTMS
ADRA2B,ADRA2B
CXCR4,CXCR4
KRT23,KRT23
GYG1,GYG1
PROX2,PROX2
UNC13D,UNC13D
MS4A3,MS4A3
COTL1,COTL1
PIP5KL1,PIP5KL1
GABARAPL1,GABARAPL1
WDR13,WDR13
SHISA8,SHISA8
PTPRN,PTPRN
KLHL4,KLHL4
CHRNA5,CHRNA5
GCLC,GCLC
TNFAIP3,TNFAIP3
TTLL10,TTLL10
TRBV19,TRBV19
RIN2,RIN2
BIRC3,BIRC3
NACAD,NACAD
BNIPL,BNIPL
WDR59,WDR59
LINC02363,LINC02363
LINC00342,LINC00342
IGFLR1,IGFLR1
ZNF703,ZNF703
BLM,BLM
FYN,FYN
CMTM5,CMTM5
FERMT3,FERMT3
SUCLG1,SUCLG1
TBC1D23,TBC1D23
RAB30,RAB30
LRRK2,LRRK2
SLC14A1,SLC14A1
GAK,GAK
ATP8B2,ATP8B2
KLHL14,KLHL14
LINC00638,LINC00638
PPP1R14B,PPP1R14B
OTUD7B,OTUD7B
DDR2,DDR2
THBS4,THBS4
DSCR9,DSCR9
SLC44A1,SLC44A1
FAM47E,FAM47E
KRT1,KRT1
ZNF664,ZNF664
LCP2,LCP2
RORC,RORC
RNF43,RNF43
GPRIN3,GPRIN3
HBQ1,HBQ1
HVCN1,HVCN1
MATN2,MATN2
UGT2B17,UGT2B17
LINC00664,LINC00664
COL24A1,COL24A1
ASH2L,ASH2L
KIF21A,KIF21A
ZMYM2,ZMYM2
RABGAP1L-DT,RABGAP1L-DT
METTL22,METTL22
TSC22D1,TSC22D1
SLC20A2,SLC20A2
CD93,CD93
QSOX1,QSOX1
MMP25,MMP25
AGO1,AGO1
MYO1G,MYO1G
NFKBIA,NFKBIA
GLI3,GLI3
NRIP3,NRIP3
PCSK6,PCSK6
TRAV41,TRAV41
ATG2A,ATG2A
SMURF2,SMURF2
SCN8A,SCN8A
CDK16,CDK16
ATP2A3,ATP2A3
PTGES,PTGES
TRAV16,TRAV16
TMEM140,TMEM140
SLC23A2,SLC23A2
GDF15,GDF15
PPP2R3A,PPP2R3A
GALNTL6,GALNTL6
IL23A,IL23A
RASIP1,RASIP1
LINC01792,LINC01792
TNIP3,TNIP3
PKHD1L1,PKHD1L1
GPR15,GPR15
DDX56,DDX56
DNER,DNER
ACKR4,ACKR4
ENKUR,ENKUR
PTCRA,PTCRA
SMURF1,SMURF1
HPN,HPN
LAX1,LAX1
ROPN1L,ROPN1L
SLC6A4,SLC6A4
LINC01465,LINC01465
ZBTB8OS,ZBTB8OS
SMG5,SMG5
PAM,PAM
ACAP2,ACAP2
CYYR1,CYYR1
PCDH9,PCDH9
LGALS3,LGALS3
MAPK6,MAPK6
MITF,MITF
DENND2A,DENND2A
LINC01597,LINC01597
KCNE5,KCNE5
PIH1D1,PIH1D1
ZDBF2,ZDBF2
MYL4,MYL4
RASSF6,RASSF6
TNNC1,TNNC1
GZMK,GZMK
B3GNT8,B3GNT8
LINC00861,LINC00861
RPS10,RPS10
RUSC2,RUSC2
FKBP7,FKBP7
OXTR,OXTR
DHFR,DHFR
CX3CR1,CX3CR1
LST1,LST1
PAK3,PAK3
PLCXD2,PLCXD2
ELANE,ELANE
TPRG1,TPRG1
RNF152,RNF152
GLUL,GLUL
HIP1,HIP1
KIR3DL3,KIR3DL3
SAP130,SAP130
PADI4,PADI4
SCYL2,SCYL2
CFAP20,CFAP20
PHACTR1,PHACTR1
CTRC,CTRC
DSC2,DSC2
ZKSCAN2-DT,ZKSCAN2-DT
KDM5C,KDM5C
INHBA,INHBA
EZH2,EZH2
TTLL3,TTLL3
TTC16,TTC16
TCOF1,TCOF1
GNPTAB,GNPTAB
SYNJ2,SYNJ2
NEDD9,NEDD9
KRCC1,KRCC1
LINC02207,LINC02207
GCSAML,GCSAML
TP53INP2,TP53INP2
RAB18,RAB18
CTTNBP2,CTTNBP2
DEPTOR,DEPTOR
TRPM2,TRPM2
SYNGR3,SYNGR3
EPHX2,EPHX2
METTL7B,METTL7B
TRAV8-4,TRAV8-4
SOCS3,SOCS3
NR4A2,NR4A2
TMED8,TMED8
MTMR12,MTMR12
WDR86,WDR86
SPAG5,SPAG5
CARD6,CARD6
MELTF,MELTF
REEP2,REEP2
ARL5B,ARL5B
BATF2,BATF2
IL18,IL18
CRADD,CRADD
CHMP3,CHMP3
DNM2,DNM2
TRIM25,TRIM25
TRAV9-2,TRAV9-2
RPL22L1,RPL22L1
MIR181A1HG,MIR181A1HG
LINC02595,LINC02595
HP,HP
CH25H,CH25H
IMPG2,IMPG2
TSPAN13,TSPAN13
SERPINE2,SERPINE2
DEPDC1B,DEPDC1B
FBXW2,FBXW2
GTSCR1,GTSCR1
CXCL10,CXCL10
SEC24A,SEC24A
HORMAD1,HORMAD1
TBC1D8,TBC1D8
MTFMT,MTFMT
WDR35,WDR35
STK10,STK10
CEP78,CEP78
AKAP12,AKAP12
KIAA1549,KIAA1549
MFGE8,MFGE8
FKBP9,FKBP9
PSD4,PSD4
TNNT3,TNNT3
DLG3,DLG3
MFN1,MFN1
SLC38A10,SLC38A10
SLC12A9,SLC12A9
RUNX2,RUNX2
CLEC4E,CLEC4E
ARHGEF18,ARHGEF18
HK2,HK2
NOG,NOG
CYP4F3,CYP4F3
CNN3,CNN3
PRDX1,PRDX1
KIF20A,KIF20A
BST1,BST1
IGLV2-23,IGLV2-23
FOSB,FOSB
PDGFB,PDGFB
COL1A2,COL1A2
