ID,SMILES,standardized_smiles
Suspect1,COc1ccc(CCCCO)cc1,COc1ccc(CCCCO)cc1
Suspect10,C1=CC2=C(C(=C1)O)N=CC=C2,Oc1cccc2cccnc12
Suspect100,CCOP(Oc1c(C)cc(cc1C(C)(C)C)C(C)(C)C)Oc1c(C)cc(cc1C(C)(C)C)C(C)(C)C,CCOP(Oc1c(C)cc(C(C)(C)C)cc1C(C)(C)C)Oc1c(C)cc(C(C)(C)C)cc1C(C)(C)C
Suspect102,C[C@@H]1CC2C3CCC4=CC(=O)C=CC4(C)[C@@]3(F)C(O)CC2(C)C1C(=O)CO,C[C@@H]1CC2C3CCC4=CC(=O)C=CC4(C)[C@@]3(F)C(O)CC2(C)C1C(=O)CO
Suspect103,CCCCCCCCCCCCCCCC(=O)NCCNC(=O)CCCCCCCCCCCCCCC,CCCCCCCCCCCCCCCC(=O)NCCNC(=O)CCCCCCCCCCCCCCC
Suspect104,COc1ccc(cc1OC)C(CCCN)(C#N)C(C)C,COc1ccc(C(C#N)(CCCN)C(C)C)cc1OC
Suspect105,CCCCCCCCCCCCCCCCOCC(O)CO,CCCCCCCCCCCCCCCCOCC(O)CO
Suspect108,CCCCCCCCOP(=O)(OCCCCCCCC)OCCCCCCCC,CCCCCCCCOP(=O)(OCCCCCCCC)OCCCCCCCC
Suspect109,CCCCCCCCCCCCCCCCCC(=O)NCCC[N+](C)(C)[O-],CCCCCCCCCCCCCCCCCC(=O)NCCC[N+](C)(C)[O-]
Suspect11,CC(=O)Nc1ccccc1,CC(=O)Nc1ccccc1
Suspect110,[Na+].CCCCOCCOCC([O-])=O,CCCCOCCOCC(=O)[O-]
Suspect112,CCCCCCCCC(=O)N,CCCCCCCCC(N)=O
Suspect113,NC1=C(C(=NN1c1c(Cl)cc(cc1Cl)C(F)(F)F)C#N)S(=O)(=O)C(F)(F)F,N#Cc1nn(-c2c(Cl)cc(C(F)(F)F)cc2Cl)c(N)c1S(=O)(=O)C(F)(F)F
Suspect114,[OH-].[Na+].[Na+].CCCCCCCCCCCC1=NCC[N+]1(CCOCC([O-])=O)CC([O-])=O,CCCCCCCCCCCC1=NCC[N+]1(CCOCC(=O)[O-])CC(=O)[O-]
Suspect116,OC(=O)C[C@H](NCCN[C@@H](CC(O)=O)C(O)=O)C(O)=O,O=C(O)C[C@H](NCCN[C@@H](CC(=O)O)C(=O)O)C(=O)O
Suspect118,CCCCCCCCCCCC1=C(C(=O)C=C(C1=O)O)O,CCCCCCCCCCCC1=C(O)C(=O)C=C(O)C1=O
Suspect119,Cc1ccccc1NCCN,Cc1ccccc1NCCN
Suspect12,CC(C1CCCC(C1)(C)C)OC(C)(C)COC(=O)C2CC2,CC(OC(C)(C)COC(=O)C1CC1)C1CCCC(C)(C)C1
Suspect120,C[C@H]1CCCC[C@H]1C,C[C@@H]1CCCC[C@@H]1C
Suspect121,Nc1c(O)ccc(c1)c1ccccc1,Nc1cc(-c2ccccc2)ccc1O
Suspect125,OS(=O)(=O)c1ccc(CCCCCCCC(=O)O)cc1,O=C(O)CCCCCCCc1ccc(S(=O)(=O)O)cc1
Suspect128,CCCCCC1=C(CC(=O)OC)CCC1=O,CCCCCC1=C(CC(=O)OC)CCC1=O
Suspect129,OC(c1ccc(Nc2ccccc2)cc1)(c1ccc(Nc2ccccc2)cc1)c1ccc(Nc2ccccc2)cc1,OC(c1ccc(Nc2ccccc2)cc1)(c1ccc(Nc2ccccc2)cc1)c1ccc(Nc2ccccc2)cc1
Suspect13,CCCCNS(=O)(=O)c1ccccc1,CCCCNS(=O)(=O)c1ccccc1
Suspect130,NC(C(=O)N)C(=O)N,NC(=O)C(N)C(N)=O
Suspect131,OC(=O)/C(=Cc1ccccc1)/C#N,N#CC(=Cc1ccccc1)C(=O)O
Suspect134,CCCCC1(CC)COP(Oc2c(cc(cc2C(C)(C)C)C(C)(C)C)C(C)(C)C)OC1,CCCCC1(CC)COP(Oc2c(C(C)(C)C)cc(C(C)(C)C)cc2C(C)(C)C)OC1
Suspect137,ClC1=NC=CC=C1C#N,N#Cc1cccnc1Cl
Suspect138,COC(=O)c1cc(cc(c1)[S](O)(=O)=O)C(=O)OC,COC(=O)c1cc(C(=O)OC)cc(S(=O)(=O)O)c1
Suspect14,OCCOCCOCCOCCOCCO,OCCOCCOCCOCCOCCO
Suspect140,COC(=O)CCCCCCCCC=C,C=CCCCCCCCCC(=O)OC
Suspect142,COC(=O)CCC(=O)O,COC(=O)CCC(=O)O
Suspect143,CCCCCCCCCCCCCCC(=O)OCC(O)CO,CCCCCCCCCCCCCCC(=O)OCC(O)CO
Suspect145,Oc1cccc(C=O)c1,O=Cc1cccc(O)c1
Suspect147,OC(=O)C1(CC2CC1C1CCCC21)c1ccc(O)cc1,O=C(O)C1(c2ccc(O)cc2)CC2CC1C1CCCC21
Suspect148,CCCCCCCCCCCCc1c(N)nc(N)nc1N,CCCCCCCCCCCCc1c(N)nc(N)nc1N
Suspect149,C1(C(CN(C)C)CCC(O)C1)(O)c2cc(OC)ccc2O,COc1ccc(O)c(C2(O)CC(O)CCC2CN(C)C)c1
Suspect15,CCCCCCCCCCCC(=O)NCCOCCO,CCCCCCCCCCCC(=O)NCCOCCO
Suspect153,[NH3+]C[C@@H](O)CC(=O)[O-],[NH3+]C[C@@H](O)CC(=O)[O-]
Suspect157,COC(=O)CCCCC(=O)O,COC(=O)CCCCC(=O)O
Suspect159,Cc1cc2c(CCC2)c(C)c1O,Cc1cc2c(c(C)c1O)CCC2
Suspect16,CCC(=O)OCC(C)(C)OC(C)C1CCCC(C)(C)C1,CCC(=O)OCC(C)(C)OC(C)C1CCCC(C)(C)C1
Suspect160,CCCCCCCCCCCC(=O)OCC12COCN1COC2,CCCCCCCCCCCC(=O)OCC12COCN1COC2
Suspect163,CC1C(C)(C)C2=C(C(=O)OCCC2)C1(C)C,CC1C(C)(C)C2=C(C(=O)OCCC2)C1(C)C
Suspect165,CN(CCO)CCO,CN(CCO)CCO
Suspect166,NC(=O)CCCCCCCCC(=O)N,NC(=O)CCCCCCCCC(N)=O
Suspect167,CCCC1C(=C(C)NC(=C1C(=O)OC(C)(C)C)C)C(=O)OC(C)(C)C,CCCC1C(C(=O)OC(C)(C)C)=C(C)NC(C)=C1C(=O)OC(C)(C)C
Suspect168,[O-][N+](C)(C)[C@H]3C[C@@H](C)O[C@@H](O[C@@H]2[C@@H](C)[C@H](O[C@H]1C[C@@](C)(OC)[C@@H](O)[C@H](C)O1)[C@@H](C)C(=O)O[C@H](CC)[C@@](C)(O)[C@H](O)[C@@H](C)C(=O)[C@H](C)C[C@@]2(C)OC)[C@@H]3O,CC[C@H]1OC(=O)[C@H](C)[C@@H](O[C@H]2C[C@@](C)(OC)[C@@H](O)[C@H](C)O2)[C@H](C)[C@@H](O[C@@H]2O[C@H](C)C[C@H]([N+](C)(C)[O-])[C@H]2O)[C@](C)(OC)C[C@@H](C)C(=O)[C@H](C)[C@@H](O)[C@]1(C)O
Suspect17,CC(C)Cc1ccc(cc1)C(C)COC(C)=O,CC(=O)OCC(C)c1ccc(CC(C)C)cc1
Suspect171,CCCCCCCC(=O)OC1COC2C(COC12)OC(=O)CCCCCCC,CCCCCCCC(=O)OC1COC2C(OC(=O)CCCCCCC)COC12
Suspect172,C[N+](C)(C)CCOC(=O)CCC(=O)OCC[N+](C)(C)C,C[N+](C)(C)CCOC(=O)CCC(=O)OCC[N+](C)(C)C
Suspect18,CCCCCCCCCCCOC(=O)c1ccccc1C(=O)OCCCCCCCC(C)C,CCCCCCCCCCCOC(=O)c1ccccc1C(=O)OCCCCCCCC(C)C
Suspect19,O=C(O)CCC(O)C,CC(O)CCC(=O)O
Suspect190,CC(C)(c1ccc(C(C)(C)OO)cc1)OO,CC(C)(OO)c1ccc(C(C)(C)OO)cc1
Suspect2,CCCCCCCCC(C(CCCCCCCC(=O)O)O)O,CCCCCCCCC(O)C(O)CCCCCCCC(=O)O
Suspect20,CC=CC=CC(O)=O,CC=CC=CC(=O)O
Suspect21,COC(=O)CCC(=O)CN,COC(=O)CCC(=O)CN
Suspect215,CCCCCCCCCCCCCCCCCCCCCCCCOC(=O)C1CCC(=O)N1,CCCCCCCCCCCCCCCCCCCCCCCCOC(=O)C1CCC(=O)N1
Suspect216,C=CC1CCCCCCC1,C=CC1CCCCCCC1
Suspect22,CCCCOC(=O)CC(CC(=O)OCCCC)(C(=O)OCCCC)OC(=O)C,CCCCOC(=O)CC(CC(=O)OCCCC)(OC(C)=O)C(=O)OCCCC
Suspect23,CC(C)(C)CC(C)(C)C1=CC=C(C=C1)OCCOCCO,CC(C)(C)CC(C)(C)c1ccc(OCCOCCO)cc1
Suspect230,Cc1occc1S,Cc1occc1S
Suspect231,CCCCCC=CCC1C(O1)CC=CCC=CCCCC(=O)O,CCCCCC=CCC1OC1CC=CCC=CCCCC(=O)O
Suspect233,COC(=O)CC(O)C(=O)OC,COC(=O)CC(O)C(=O)OC
Suspect234,[Cl-].C[N+](CCO)(CCO)CCO,C[N+](CCO)(CCO)CCO
Suspect235,COc1cc2c(ccc(=O)o2)cc1OC,COc1cc2ccc(=O)oc2cc1OC
Suspect236,CC/C=C/CCCCC(=O)OC,CC/C=C/CCCCC(=O)OC
Suspect24,CCC(CC)(CNC(=O)CCCO)c1cccc(OC)c1,CCC(CC)(CNC(=O)CCCO)c1cccc(OC)c1
Suspect241,C1=CC=C(C(=C1)CC(=O)O)NC2=C(C=C(C=C2Cl)O)Cl,O=C(O)Cc1ccccc1Nc1c(Cl)cc(O)cc1Cl
Suspect25,CCCCCC1C(CC(=O)OC)CCC1=O,CCCCCC1C(=O)CCC1CC(=O)OC
Suspect251,O=N(=O)c1ccc2c(c1)OCCOCCOCCO2,O=[N+]([O-])c1ccc2c(c1)OCCOCCOCCO2
Suspect256,CC(O)C(/C)=C/C1C(=CCCC1(C)C)C,CC1=CCCC(C)(C)C1/C=C(\C)C(C)O
Suspect257,CCCC/C=CCCCCCCCCCCCC=O,CCCCC=CCCCCCCCCCCCC=O
Suspect259,COc1ccc(C=CC(=O)OC(C)C)cc1,COc1ccc(C=CC(=O)OC(C)C)cc1
Suspect26,OC(=O)CCCCC(O)=O,O=C(O)CCCCC(=O)O
Suspect264,Cc1c(C)c(=CN=O)c(C)c(C)c1=CNO,Cc1c(C)c(=CNO)c(C)c(C)c1=CN=O
Suspect268,CC12CCC3=C4CCC(=O)C=C4CCC3C1CCC2O,CC12CCC3=C4CCC(=O)C=C4CCC3C1CCC2O
Suspect27,CCOC(=O)C(CCC=O)C(=O)OCC,CCOC(=O)C(CCC=O)C(=O)OCC
Suspect272,CCCCCCCCCCCCCCOC(=O)CCCCCC,CCCCCCCCCCCCCCOC(=O)CCCCCC
Suspect273,OCCN(C)CCOCCN(C)C,CN(C)CCOCCN(C)CCO
Suspect274,CCCCOCCOCCOCCOCCOCCO,CCCCOCCOCCOCCOCCOCCO
Suspect275,CC1=CC(=CC(=C1CC2=NCCN2)C)C(C)(C)C,Cc1cc(C(C)(C)C)cc(C)c1CC1=NCCN1
Suspect28,CC(C)CC(CC(N)=O)CC(O)=O,CC(C)CC(CC(N)=O)CC(=O)O
Suspect280,CCOC(=O)CN(Cc1ccccc1)C=O,CCOC(=O)CN(C=O)Cc1ccccc1
Suspect289,Cc1ccc(cc1C)S(O)(=O)=O,Cc1ccc(S(=O)(=O)O)cc1C
Suspect29,CCCCC/C=C/C/C=C/CCCCCCCC(=O)N(CCO)CCO,CCCCC/C=C/C/C=C/CCCCCCCC(=O)N(CCO)CCO
Suspect294,OC(=O)c1cccc(c1)C(O)=O,O=C(O)c1cccc(C(=O)O)c1
Suspect296,CCOC(=O)CC(=O)C12CC3CC(CC(C3)C1)C2,CCOC(=O)CC(=O)C12CC3CC(CC(C3)C1)C2
Suspect297,CCCCCCCCCCCCCC(=O)NCCC[N+](C)(C)[O-],CCCCCCCCCCCCCC(=O)NCCC[N+](C)(C)[O-]
Suspect3,CCCCCCCC(=O)OC(=O)CCCCCCC,CCCCCCCC(=O)OC(=O)CCCCCCC
Suspect30,OS(C1=CC2=C(C=CC=C2)C=C1)(=O)=O,O=S(=O)(O)c1ccc2ccccc2c1
Suspect303,NC(NCC=O)=C/[N+]([O-])=O,NC(=C[N+](=O)[O-])NCC=O
Suspect305,CC/C(C)=C/CCC(C)(OC(C)=O)C=C,C=CC(C)(CC/C=C(\C)CC)OC(C)=O
Suspect31,CC[N+](CC)(CC(=O)Nc1c(C)cccc1C)Cc1ccccc1,CC[N+](CC)(CC(=O)Nc1c(C)cccc1C)Cc1ccccc1
Suspect32,[Na+].N1=NC=2C=C(C=CC2[N-]1)C,Cc1ccc2[n-]nnc2c1
Suspect321,CC1COC(=O)CCCCCCCCC=CC1,CC1CC=CCCCCCCCCC(=O)OC1
Suspect33,CCCCCCCCCCCC[N+](C)(C)Cc1ccc(CC)cc1,CCCCCCCCCCCC[N+](C)(C)Cc1ccc(CC)cc1
Suspect330,CCOC(=O)[C@@]1(CCC=C[C@H]1N(C)C)c2ccccc2,CCOC(=O)[C@]1(c2ccccc2)CCC=C[C@H]1N(C)C
Suspect339,COc1ccc(NCCO)cc1N,COc1ccc(NCCO)cc1N
Suspect34,CCCCCCCCCCCCCCCCCC(=O)NCCO,CCCCCCCCCCCCCCCCCC(=O)NCCO
Suspect340,CCCCCCCC(=O)NC1CCCCC1,CCCCCCCC(=O)NC1CCCCC1
Suspect341,CCCCCCCC/C=C/CCCCCCCC1=NC(C)(CO)CO1,CCCCCCCC/C=C/CCCCCCCC1=NC(C)(CO)CO1
Suspect346,CN(C)C(CC1=CC=CC=C1)C2=CC=CC=C2,CN(C)C(Cc1ccccc1)c1ccccc1
Suspect349,COC1=CC=C(C=C1)OCC(CNC(=O)C2CCC2)O,COc1ccc(OCC(O)CNC(=O)C2CCC2)cc1
Suspect35,COC(=O)CCCCCCCCCCCC(=O)OC,COC(=O)CCCCCCCCCCCC(=O)OC
Suspect350,CC(C)Cc1ccc(CC(C)C=O)cc1,CC(C)Cc1ccc(CC(C)C=O)cc1
Suspect352,CCCCCCCCCc1cc(CN(CCO)CCO)c(O)c(CN(CCO)CCO)c1,CCCCCCCCCc1cc(CN(CCO)CCO)c(O)c(CN(CCO)CCO)c1
Suspect355,O=C(COc1nnc(s1)C(F)(F)F)N(c2ccc(F)cc2)C(C)C,CC(C)N(C(=O)COc1nnc(C(F)(F)F)s1)c1ccc(F)cc1
Suspect357,CCCCCCCC(=O)OCC(CC)(CO)CO,CCCCCCCC(=O)OCC(CC)(CO)CO
Suspect359,O=S(C=1C=CC=CC1)CC=C,C=CC[S+]([O-])c1ccccc1
Suspect36,CCCCCCCCCCOC(=O)CCCCC(=O)OCCCCCC,CCCCCCCCCCOC(=O)CCCCC(=O)OCCCCCC
Suspect364,O=C(CC#N)OCCc1ccccc1,N#CCC(=O)OCCc1ccccc1
Suspect369,CCC(=O)O[C@](Cc1ccccc1)(c2ccccc2)[C@H](C)CNC,CCC(=O)O[C@](Cc1ccccc1)(c1ccccc1)[C@H](C)CNC
Suspect37,[Na+].N1=NC=2C=CC=CC2[N-]1,c1ccc2[n-]nnc2c1
Suspect370,COC(=O)C1=CCCCC1,COC(=O)C1=CCCCC1
Suspect371,CCOCCN=C(/C(C)C)c1ccccc1,CCOCCN=C(c1ccccc1)C(C)C
Suspect379,CCC1(C(=O)NC(=O)NC1=O)C1=CCCCC1,CCC1(C2=CCCCC2)C(=O)NC(=O)NC1=O
Suspect38,CCCCCCCCCCOC(=O)c1ccccc1C(=O)OCCCCCCCCC,CCCCCCCCCCOC(=O)c1ccccc1C(=O)OCCCCCCCCC
Suspect383,OC(=O)c1ccccc1Nc2c(Cl)cccc2Cl,O=C(O)c1ccccc1Nc1c(Cl)cccc1Cl
Suspect39,CC=CC(=C)C1C(C)=CCCC1(C)C,C=C(C=CC)C1C(C)=CCCC1(C)C
Suspect396,OCCCC1OCCC1,OCCCC1CCCO1
Suspect399,FC(F)(F)C(F)(F)C(F)(F)C(F)(F)C(F)(F)C(F)(F)C(F)(F)C(F)(F)CCS,FC(F)(F)C(F)(F)C(F)(F)C(F)(F)C(F)(F)C(F)(F)C(F)(F)C(F)(F)CCS
Suspect4,OC(=O)CCCCCCCC(O)=O,O=C(O)CCCCCCCC(=O)O
Suspect40,O=S(=O)(c1ccc(cc1)C)NCC,CCNS(=O)(=O)c1ccc(C)cc1
Suspect400,Oc1ccc(cc1)C3=NCC(=O)Nc2ccc(Cl)cc2/3,O=C1CN=C(c2ccc(O)cc2)c2cc(Cl)ccc2N1
Suspect401,CCCCCCCCC=C/CCCCCCCC(=O)NCCOCCO,CCCCCCCCC=CCCCCCCCC(=O)NCCOCCO
Suspect402,CCCCCCCCCCCCCCOCCC#N,CCCCCCCCCCCCCCOCCC#N
Suspect405,CC(CC(=O)NCCO)CC(C)(C)C,CC(CC(=O)NCCO)CC(C)(C)C
Suspect406,CC(C)/C(=NO)/C(C)(C)C/C=C(C)/C=C,C=C/C(C)=C/CC(C)(C)C(=NO)C(C)C
Suspect41,CC(=O)OCCC(=C)C1CCC(=CC1)C,C=C(CCOC(C)=O)C1CC=C(C)CC1
Suspect411,CCCCCO[C@@H]1O[C@@H](C)[C@H](O)[C@@H](O)[C@H]1O,CCCCCO[C@@H]1O[C@@H](C)[C@H](O)[C@@H](O)[C@H]1O
Suspect414,Cc1ccc(cc1)[C@]1(C)CCCC1(C)C,Cc1ccc([C@]2(C)CCCC2(C)C)cc1
Suspect42,CCOCCOCCOCCOCCO,CCOCCOCCOCCOCCO
Suspect423,CC[N+]([O-])(CC)CCNC(=O)c1cc(ccc1OC)S(C)(=O)=O,CC[N+]([O-])(CC)CCNC(=O)c1cc(S(C)(=O)=O)ccc1OC
Suspect424,CNC(=O)C1CN(C)C2Cc3c[nH]c4cccc(c34)C2=C1,CNC(=O)C1C=C2c3cccc4[nH]cc(c34)CC2N(C)C1
Suspect43,CCCCCC1CC(=O)C=C(C)C1C(=O)OCC,CCCCCC1CC(=O)C=C(C)C1C(=O)OCC
Suspect434,c1ccc(cc1)C#Cc1ncccc1,C(#Cc1ccccn1)c1ccccc1
Suspect437,C1=CC=C2C(=C1)C=NC1=CC=CC=C21,c1ccc2c(c1)cnc1ccccc12
Suspect438,CCC(=O)c1ccccc1,CCC(=O)c1ccccc1
Suspect439,O=Cc1ccc(cc1)N1CCOCC1,O=Cc1ccc(N2CCOCC2)cc1
Suspect44,CCC(CC)(CCC#N)C=O,CCC(C=O)(CC)CCC#N
Suspect440,COc1c(cccc1N)[N+](=O)[O-],COc1c(N)cccc1[N+](=O)[O-]
Suspect442,COC1=Cc2c(cccc2)N(C(=O)N)c2c1cccc2,COC1=Cc2ccccc2N(C(N)=O)c2ccccc21
Suspect443,OC(=O)c1ccc(O)cc1C(=O)O,O=C(O)c1ccc(O)cc1C(=O)O
Suspect444,CCCCCCCC(CC(=O)O)O,CCCCCCCC(O)CC(=O)O
Suspect447,CCCCCCCCCCCCCCCCOC(=O)C(C)O,CCCCCCCCCCCCCCCCOC(=O)C(C)O
Suspect448,n1nn(c2ccccc12)COC,COCn1nnc2ccccc21
Suspect449,COC(=O)c1ccc2N(C)C(=C)C(C)(C)c2c1,C=C1N(C)c2ccc(C(=O)OC)cc2C1(C)C
Suspect45,CCCCCCCN(CCCCCCC)CCCCCCC,CCCCCCCN(CCCCCCC)CCCCCCC
Suspect451,CCCC1CC=C(C)C(=O)C1,CCCC1CC=C(C)C(=O)C1
Suspect452,Nc1cccnc1,Nc1cccnc1
Suspect453,C[C@H](N)[C@H](O)c1cccc(O)c1,C[C@H](N)[C@H](O)c1cccc(O)c1
Suspect46,O=CN1CCCC1c1cccnc1,O=CN1CCCC1c1cccnc1
Suspect461,Cn1nccc1C,Cc1ccnn1C
Suspect463,COc1cc(Sc2ccc(C)cc2)c(OC)cc1[N+](=O)[O-],COc1cc([N+](=O)[O-])c(OC)cc1Sc1ccc(C)cc1
Suspect464,CC(=O)NNc1ccccc1,CC(=O)NNc1ccccc1
Suspect465,CC(CC(=O)O)(CC(=O)O)c1ccccc1,CC(CC(=O)O)(CC(=O)O)c1ccccc1
Suspect466,C=CCOC(=O)NCCN1CCNC1=O,C=CCOC(=O)NCCN1CCNC1=O
Suspect467,CC(=O)NCCC(=O)O,CC(=O)NCCC(=O)O
Suspect468,CCOC(=O)c1cc(OC)ccc1,CCOC(=O)c1cccc(OC)c1
Suspect47,C(Oc1ccc(Cc2ccc(OCC3CO3)cc2)cc1)C1CO1,c1cc(OCC2CO2)ccc1Cc1ccc(OCC2CO2)cc1
Suspect476,NC(=O)N1c2ccccc2C=Cc2cc(O)ccc12,NC(=O)N1c2ccccc2C=Cc2cc(O)ccc21
Suspect477,CC(=O)Nc1ccc(OC(=O)c2ccccc2O)cc1,CC(=O)Nc1ccc(OC(=O)c2ccccc2O)cc1
Suspect48,CCC(C)CCCCOC(=O)C=Cc1ccc(OC)cc1,CCC(C)CCCCOC(=O)C=Cc1ccc(OC)cc1
Suspect49,[O-]C(=O)OCC1CCCC=CCC1,O=C([O-])OCC1CCC=CCCC1
Suspect493,C1(CN)C(c2cc(O)ccc2)(O)CCCC1,NCC1CCCCC1(O)c1cccc(O)c1
Suspect494,CC(C)CCCCCC(=O)NCCCCCC(O)=O,CC(C)CCCCCC(=O)NCCCCCC(=O)O
Suspect498,Nc1ccc(cc1)-c1ccc(C=NN2CC(=O)NC2=O)o1,Nc1ccc(-c2ccc(C=NN3CC(=O)NC3=O)o2)cc1
Suspect5,CN1CCN(CC1)N=O,CN1CCN(N=O)CC1
Suspect50,O=C(O)C(C)C(C(=O)O)C,CC(C(=O)O)C(C)C(=O)O
Suspect503,Oc1ccc(cc1)C3=NCC(=O)Nc2ccc(Cl)cc2/3,O=C1CN=C(c2ccc(O)cc2)c2cc(Cl)ccc2N1
Suspect504,C=CN1CCCCCC1=O,C=CN1CCCCCC1=O
Suspect51,CCOC(=O)CCCCCCCOC(=O)C,CCOC(=O)CCCCCCCOC(C)=O
Suspect510,CCOc1cccc2cccnc12,CCOc1cccc2cccnc12
Suspect512,Cc1ccc(OC(=O)CC(=O)c2ccccc2)cc1,Cc1ccc(OC(=O)CC(=O)c2ccccc2)cc1
Suspect514,Nc1ccc(cc1)S(=O)(=O)c1ccc(O)cc1,Nc1ccc(S(=O)(=O)c2ccc(O)cc2)cc1
Suspect515,Cn1cc(C(=O)Nc2ccccc2-c2cc(F)c(F)c(F)c2)c(n1)C(F)F,Cn1cc(C(=O)Nc2ccccc2-c2cc(F)c(F)c(F)c2)c(C(F)F)n1
Suspect516,CC(C)OC(=O)CCCC=CC[C@H]1[C@@H](O)C[C@@H](O)[C@@H]1CC[C@@H](O)CCc1ccccc1,CC(C)OC(=O)CCCC=CC[C@@H]1[C@@H](CC[C@@H](O)CCc2ccccc2)[C@H](O)C[C@@H]1O
Suspect518,C1=CC=C(C=C1)S(=O)(=O)NO,O=S(=O)(NO)c1ccccc1
Suspect519,C(C(C(C(C(C(C(C(F)(F)F)(F)F)(F)F)(F)F)(F)F)(F)F)(F)F)OC(=O)C(C)=C,C=C(C)C(=O)OCC(F)(F)C(F)(F)C(F)(F)C(F)(F)C(F)(F)C(F)(F)C(F)(F)F
Suspect52,Nc1nc(N)nc(NC2CC2)n1,Nc1nc(N)nc(NC2CC2)n1
Suspect524,CCC(C1=CC=CC=C1)C(=O)NC(=O)NC(=O)C,CCC(C(=O)NC(=O)NC(C)=O)c1ccccc1
Suspect528,Oc1cc(Cl)c(N2C(=O)Cc3ccccc23)c(Cl)c1,O=C1Cc2ccccc2N1c1c(Cl)cc(O)cc1Cl
Suspect529,COc1cc(C=CC)ccc1OC(=O)c2ccccc2,CC=Cc1ccc(OC(=O)c2ccccc2)c(OC)c1
Suspect53,CCCCCCCCCC(C)C=Nc1ccccc1C(=O)OC,CCCCCCCCCC(C)C=Nc1ccccc1C(=O)OC
Suspect539,BrC=C,C=CBr
Suspect54,[NH4+].CCCCCCCCOC(=O)CCCCCCCCC(=O)[O-],CCCCCCCCOC(=O)CCCCCCCCC(=O)[O-]
Suspect543,CN(C)c1ccc(cc1)N=C1C=CC(=O)C=C1,CN(C)c1ccc(N=C2C=CC(=O)C=C2)cc1
Suspect544,CN1CC(C)(C)CN(C)C1=O,CN1CC(C)(C)CN(C)C1=O
Suspect545,F[B-](F)(F)F.CCN(CC)c1c(Oc2ccc(Cl)cc2)cc([N+]#N)c(Cl)c1,CCN(CC)c1cc(Cl)c([N+]#N)cc1Oc1ccc(Cl)cc1
Suspect548,CCCCCCCCOC(=O)c1ccc(C(=O)OCCCCCCCC)c(c1)C(=O)OCCCCCCCC,CCCCCCCCOC(=O)c1ccc(C(=O)OCCCCCCCC)c(C(=O)OCCCCCCCC)c1
Suspect551,CC(C)CCCCCOCCC#N,CC(C)CCCCCOCCC#N
Suspect553,COc1cc(O)c(cc1)C(=O)c1c(O)cc(O)cc1,COc1ccc(C(=O)c2ccc(O)cc2O)c(O)c1
Suspect555,CCCCCCC(C)(C)C(=O)N(CCO)CCO,CCCCCCC(C)(C)C(=O)N(CCO)CCO
Suspect556,CCCCCCCC(=O)OCC(C)OC(=O)CCCCCCC,CCCCCCCC(=O)OCC(C)OC(=O)CCCCCCC
Suspect558,CC1OCC(CO)(CO)CO1,CC1OCC(CO)(CO)CO1
Suspect56,CCNC(=O)C1(CCCCCC1)C(C)C,CCNC(=O)C1(C(C)C)CCCCCC1
Suspect562,CCNc1cc(OCC)c(N)cc1OCC,CCNc1cc(OCC)c(N)cc1OCC
Suspect563,Brc1cc(Br)c(OC(=O)c2ccc(cc2)C(=O)Oc2c(Br)cc(Br)cc2Br)c(Br)c1,O=C(Oc1c(Br)cc(Br)cc1Br)c1ccc(C(=O)Oc2c(Br)cc(Br)cc2Br)cc1
Suspect564,Cc1cc(Cc2cc(C)cc(Cc3c(O)ccc(C)c3)c2O)c(O)cc1,Cc1ccc(O)c(Cc2cc(C)cc(Cc3cc(C)ccc3O)c2O)c1
Suspect567,C1CCCCCCCCCCC1,C1CCCCCCCCCCC1
Suspect569,CC(O)C1CCCCC1,CC(O)C1CCCCC1
Suspect57,CC(C)c1cc(OC(C)=O)c(C)cc1OCCN(C)C,CC(=O)Oc1cc(C(C)C)c(OCCN(C)C)cc1C
Suspect571,CN(CCCCCCCCCCN(C)C(=O)Oc1cccc(c1)[N+](C)(C)C)C(=O)Oc1cccc(c1)[N+](C)(C)C,CN(CCCCCCCCCCN(C)C(=O)Oc1cccc([N+](C)(C)C)c1)C(=O)Oc1cccc([N+](C)(C)C)c1
Suspect572,CCCCCCCCCCCCCCCCCC(=O)NCCN(CCNC(=O)C)C(=O)CCCCCCCCCCCCCCCCC,CCCCCCCCCCCCCCCCCC(=O)NCCN(CCNC(C)=O)C(=O)CCCCCCCCCCCCCCCCC
Suspect579,NC(=O)NC1CCCCC1,NC(=O)NC1CCCCC1
Suspect58,CCCCOCCOP(=O)(OCCOCCCC)OCCOCCCC,CCCCOCCOP(=O)(OCCOCCCC)OCCOCCCC
Suspect580,CN1C[C@@H]([C@H]([C@@H]([C@H]1CO)O)O)O,CN1C[C@H](O)[C@@H](O)[C@H](O)[C@H]1CO
Suspect581,OC(=O)c1cc(ccc1)[N+](=O)[O-],O=C(O)c1cccc([N+](=O)[O-])c1
Suspect583,CCCC(=O)CC,CCCC(=O)CC
Suspect584,CCCCCCCCCCCC(=O)OC1COC2C(O)COC12,CCCCCCCCCCCC(=O)OC1COC2C(O)COC12
Suspect585,C(CC(C(=O)O)N)CC(C(=O)O)N,NC(CCCC(N)C(=O)O)C(=O)O
Suspect59,CCOC(=O)C1=C(C)OCCC1,CCOC(=O)C1=C(C)OCCC1
Suspect599,FC(OC(F)(F)C(F)(OC(F)(F)C(F)(OC(F)(F)C(F)(OC(F)(F)C(F)(F)C(F)(F)F)C(F)(F)F)C(F)(F)F)C(F)(F)F)C(F)(F)F,FC(OC(F)(F)C(F)(OC(F)(F)C(F)(OC(F)(F)C(F)(OC(F)(F)C(F)(F)C(F)(F)F)C(F)(F)F)C(F)(F)F)C(F)(F)F)C(F)(F)F
Suspect6,COC(=O)CCCCCCCC(=O)O,COC(=O)CCCCCCCC(=O)O
Suspect60,CC(=CCCC(C)(C=C)OC(=O)N(C)C)C,C=CC(C)(CCC=C(C)C)OC(=O)N(C)C
Suspect606,O=C1CC2C3=CC(OC)=C(OC)C=C3CCN2CC1CC,CCC1CN2CCc3cc(OC)c(OC)cc3C2CC1=O
Suspect61,CCCCCCCCCCCC(=O)OCC(O)CO,CCCCCCCCCCCC(=O)OCC(O)CO
Suspect611,CC12CCC3C(CCC45OC4c4c(CC35C)cno4)C1CCC2O,CC12CCC3C(CCC45OC4c4oncc4CC35C)C1CCC2O
Suspect612,CC/C=C/Br,CC/C=C/Br
Suspect614,O(CC1OC1)CC(COCC2OC2)(COCC3OC3)COCC4OC4,C(OCC(COCC1CO1)(COCC1CO1)COCC1CO1)C1CO1
Suspect62,CC[NH+](CCO)CCO,CC[NH+](CCO)CCO
Suspect622,CC(C)NC1=NC(=NC(=N1)SC)NC(C)C,CSc1nc(NC(C)C)nc(NC(C)C)n1
Suspect623,CC(=O)c1ccc(cc1)N1C(=O)C=CC1=O,CC(=O)c1ccc(N2C(=O)C=CC2=O)cc1
Suspect624,CS(=O)CCC(C(=O)O)N,C[S+]([O-])CCC(N)C(=O)O
Suspect625,CCOc1ccc2cc[nH]c2c1,CCOc1ccc2cc[nH]c2c1
Suspect626,CC1=CC=CC=C1N=NC2=CC(=C(C=C2)N)C,Cc1cc(N=Nc2ccccc2C)ccc1N
Suspect628,OCCOCCOCCCl,OCCOCCOCCCl
Suspect629,CCC(=O)N(C1CCN(CC1)CC(C2=CC=CC=C2)O)C3=CC=CC=C3,CCC(=O)N(c1ccccc1)C1CCN(CC(O)c2ccccc2)CC1
Suspect63,CCCCCC(N)=O,CCCCCC(N)=O
Suspect633,CC(C)=CCOC(=O)c1ccccc1,CC(C)=CCOC(=O)c1ccccc1
Suspect634,CCCCCCCCCCN1CCOCC1,CCCCCCCCCCN1CCOCC1
Suspect635,CCCCCCCCC=C/CCCCCCCCO,CCCCCCCCC=CCCCCCCCCO
Suspect636,O=C(C(C(C(C(C(C(C(C(C(C(C(C(C(C(C(C(C(F)(F)F)(F)F)(F)F)(F)F)(F)F)(F)F)(F)F)(F)F)(F)F)(F)F)(F)F)(F)F)(F)F)(F)F)(F)F)(F)F)(F)F)O,O=C(O)C(F)(F)C(F)(F)C(F)(F)C(F)(F)C(F)(F)C(F)(F)C(F)(F)C(F)(F)C(F)(F)C(F)(F)C(F)(F)C(F)(F)C(F)(F)C(F)(F)C(F)(F)C(F)(F)C(F)(F)F
Suspect637,CC(CC1CCCC1=O)C2CCC(=CC2)C,CC1=CCC(C(C)CC2CCCC2=O)CC1
Suspect64,Cl.NC(=N)NCCCC(=O)N,N=C(N)NCCCC(N)=O
Suspect641,Cc1nn(c(N)c1)c1ccc(C)cc1,Cc1ccc(-n2nc(C)cc2N)cc1
Suspect642,CCOC1=CC(=C(C=C1)C(=O)N)SCC(=O)O,CCOc1ccc(C(N)=O)c(SCC(=O)O)c1
Suspect644,Oc1c(C=O)cc2CCCN3CCCc1c23,O=Cc1cc2c3c(c1O)CCCN3CCC2
Suspect645,CCCCOCCOC=C,C=COCCOCCCC
Suspect65,CCCCCC(=O)CC(=O)OC,CCCCCC(=O)CC(=O)OC
Suspect650,COc1ccc2nc([nH]c2c1)S(=O)(=O)Cc1ncc(C)c(OC)c1C,COc1ccc2nc(S(=O)(=O)Cc3ncc(C)c(OC)c3C)[nH]c2c1
Suspect654,OC1=CC=C(C=C1O)CC2=NC=CC=3C=C(O)C(O)=CC32,Oc1ccc(Cc2nccc3cc(O)c(O)cc23)cc1O
Suspect655,CC1=C(C(=CN=C1CS(=O)C2=NC3=C(N2)C=C(C=C3)OC)CO)OC,COc1ccc2nc([S+]([O-])Cc3ncc(CO)c(OC)c3C)[nH]c2c1
Suspect66,C1=CC=CC(=C1[S](N)(=O)=O)C,Cc1ccccc1S(N)(=O)=O
Suspect660,O(C3OC(C)CC(C3O)NC)C1C(CC(C)C(C(C)C(C(C(CC)OC(C(C)C(C1C)OC2OC(C)C(C(C2)(C)OC)O)=O)(C)O)=O)=O)(C)OC,CCC1OC(=O)C(C)C(OC2CC(C)(OC)C(O)C(C)O2)C(C)C(OC2OC(C)CC(NC)C2O)C(C)(OC)CC(C)C(=O)C(C)C(=O)C1(C)O
Suspect663,CC1=CC(=O)OC2=CC(N)=CC=C12,Cc1cc(=O)oc2cc(N)ccc12
Suspect667,CCO/C=C/1N=C(OC1=O)c1ccccc1,CCO/C=C1\N=C(c2ccccc2)OC1=O
Suspect668,CCC(C#N)(C(=O)OC)c1ccccc1,CCC(C#N)(C(=O)OC)c1ccccc1
Suspect67,OC(=O)CCCCCCCCCc1ccccc1,O=C(O)CCCCCCCCCc1ccccc1
Suspect671,O=C1NC(=O)c2cccc3cccc1c23,O=C1NC(=O)c2cccc3cccc1c23
Suspect674,COc1cc2c(Cl)c3ccc(Cl)cc3nc2cc1,COc1ccc2nc3cc(Cl)ccc3c(Cl)c2c1
Suspect676,OC(=O)CCCCCCCCCCOc1ccccc1,O=C(O)CCCCCCCCCCOc1ccccc1
Suspect68,Cc1cc(O)c(C)cc1C1(C)CCCCC1,Cc1cc(C2(C)CCCCC2)c(C)cc1O
Suspect682,CP(=O)(C)CCl,CP(C)(=O)CCl
Suspect688,COC(=O)c1c(F)cccc1,COC(=O)c1ccccc1F
Suspect69,c1(c(ccc(c1)NC([C@@](CS(c1ccc(F)cc1)(=O)=O)(C)O)=O)C#N)C(F)(F)F,C[C@](O)(CS(=O)(=O)c1ccc(F)cc1)C(=O)Nc1ccc(C#N)c(C(F)(F)F)c1
Suspect690,N#CCCNCc1cccnc1,N#CCCNCc1cccnc1
Suspect691,S(=O)(c1c(N)cc(O)c(C(O)=O)c1)(CC)=O,CCS(=O)(=O)c1cc(C(=O)O)c(O)cc1N
Suspect7,CCCCCCCC(=O)C(=O)N,CCCCCCCC(=O)C(N)=O
Suspect70,NCCc1c(O)cccc1,NCCc1ccccc1O
Suspect703,CC1=C(SC=C1)CNC(=O)CCC(=O)O,Cc1ccsc1CNC(=O)CCC(=O)O
Suspect704,CCOC(=O)CCN1CCCCCC1,CCOC(=O)CCN1CCCCCC1
Suspect705,N#CC(c1ccccc1)c1ccccc1,N#CC(c1ccccc1)c1ccccc1
Suspect706,CC12CCC(=O)C=C1C(CC3C2C(CC4(C3CCC4(C(=O)CO)O)C)O)O,CC12CCC(=O)C=C1C(O)CC1C2C(O)CC2(C)C1CCC2(O)C(=O)CO
Suspect708,Oc1ccc(F)cc1,Oc1ccc(F)cc1
Suspect71,CCCCCCCCCCCCCCOC(=O)CC,CCCCCCCCCCCCCCOC(=O)CC
Suspect72,CCOP(=O)(O)OCC,CCOP(=O)(O)OCC
Suspect723,CC(=O)N(CC(=O)O)c1ccccc1,CC(=O)N(CC(=O)O)c1ccccc1
Suspect725,Cc1ncc(CO)c2COC(C)(C)Oc12,Cc1ncc(CO)c2c1OC(C)(C)OC2
Suspect727,OCCS,OCCS
Suspect728,CC(=O)OC(C)(C#N)C#N,CC(=O)OC(C)(C#N)C#N
Suspect729,CCOP(=O)(CC(=O)OC)OCC,CCOP(=O)(CC(=O)OC)OCC
Suspect73,CC(C)C1(CCCCC1)C(=O)N(C)C,CC(C)C1(C(=O)N(C)C)CCCCC1
Suspect730,C1=COC(=C1)C(=O)NCC(=O)O,O=C(O)CNC(=O)c1ccco1
Suspect74,NCCNCCNCCNCCNCCNCCN,NCCNCCNCCNCCNCCNCCN
Suspect75,CCCCCCCCCCCCCCCCCC(=O)CC(=O)OC,CCCCCCCCCCCCCCCCCC(=O)CC(=O)OC
Suspect758,Oc1ccc(C(F)(F)F)cc1,Oc1ccc(C(F)(F)F)cc1
Suspect76,O(CN(c1nc(nc(n1)N(COC)COC)N(COC)COC)COC)C,COCN(COC)c1nc(N(COC)COC)nc(N(COC)COC)n1
Suspect766,Cc1c(O)c(C(=O)O)c2ccccc2n1,Cc1nc2ccccc2c(C(=O)O)c1O
Suspect767,COC(CN1C(=O)c2c(cccc2)C1=O)OC,COC(CN1C(=O)c2ccccc2C1=O)OC
Suspect768,CCC1(C(=O)NC(=S)NC1=O)c1ccc(C)cc1,CCC1(c2ccc(C)cc2)C(=O)NC(=S)NC1=O
Suspect77,C1=CC=CC(=C1O[P](=O)(OC2=CC=CC=C2)OC3=CC=CC=C3)C(C)C,CC(C)c1ccccc1OP(=O)(Oc1ccccc1)Oc1ccccc1
Suspect770,CC(C)OC(=O)n1c(=S)n(C(=O)OC(C)C)c2c1cccc2,CC(C)OC(=O)n1c(=S)n(C(=O)OC(C)C)c2ccccc21
Suspect772,Cc1ccc(C(O)=O)c(Oc2ccccc2CC(O)=O)c1C,Cc1ccc(C(=O)O)c(Oc2ccccc2CC(=O)O)c1C
Suspect773,CCC/C(=N/OCC)/C1C(=O)CC(CC1=O)C1CCCSC1,CCC/C(=N/OCC)C1C(=O)CC(C2CCCSC2)CC1=O
Suspect775,CC(C)CCCCCCCCCCCCCCC(=O)NCCCN(C)C,CC(C)CCCCCCCCCCCCCCC(=O)NCCCN(C)C
Suspect776,Cc1c(C#N)c(NCCCOCCOc2ccccc2)nc(NCCCOCCOc2ccccc2)c1N=Nc1ccc(cc1Cl)N=Nc1ccccc1,Cc1c(C#N)c(NCCCOCCOc2ccccc2)nc(NCCCOCCOc2ccccc2)c1N=Nc1ccc(N=Nc2ccccc2)cc1Cl
Suspect779,CN1CCN(CCN)CC1,CN1CCN(CCN)CC1
Suspect78,BrC1=CC=C(C=C1)C1(C2=CC=CC=C2C2=CC=CC=C12)C1=CC=C(Br)C=C1,Brc1ccc(C2(c3ccc(Br)cc3)c3ccccc3-c3ccccc32)cc1
Suspect780,Cc1c2cnn(c(=O)c2c([nH]1)C)C,Cc1[nH]c(C)c2c(=O)n(C)ncc12
Suspect781,CCCCOC(=O)CCCCCCCCCCCCCCC(C)C,CCCCOC(=O)CCCCCCCCCCCCCCC(C)C
Suspect79,CC(C)CCCCCCCCCCCCCCCCCOC(=O)C(C)=C,C=C(C)C(=O)OCCCCCCCCCCCCCCCCCC(C)C
Suspect793,CC(=O)OCCc1cc(ccc1)[N+](=O)[O-],CC(=O)OCCc1cccc([N+](=O)[O-])c1
Suspect797,CCOC(=O)N(C)C(=O)CSP(=S)(OCC)OCC,CCOC(=O)N(C)C(=O)CSP(=S)(OCC)OCC
Suspect799,C1=CC=CC2=C1C(=CS2)C(=O)C,CC(=O)c1csc2ccccc12
Suspect8,CCCCCC[C@@H](O)CC=C/CCCCCCCC(O)=O,CCCCCC[C@@H](O)CC=CCCCCCCCC(=O)O
Suspect80,CC1(C)CC(CC(C)(CN=C=O)C1)N=C=O,CC1(C)CC(N=C=O)CC(C)(CN=C=O)C1
Suspect801,COc1c(CCCC(C)C)nccn1,COc1nccnc1CCCC(C)C
Suspect802,Nc1ccc(NN=C2C=CC(=O)C=C2)cc1,Nc1ccc(NN=C2C=CC(=O)C=C2)cc1
Suspect803,CC(C1CC1)C(=O)c1ccc(Cl)cc1,CC(C(=O)c1ccc(Cl)cc1)C1CC1
Suspect806,C(c1cc2n[nH]nc2cc1)c1cc2n[nH]nc2cc1,c1cc2n[nH]nc2cc1Cc1ccc2n[nH]nc2c1
Suspect807,CCOC(=O)c1c(C)onc1c1c(Cl)cccc1Cl,CCOC(=O)c1c(-c2c(Cl)cccc2Cl)noc1C
Suspect808,CCCC(C)(C)C(=O)Nc1ccc(Cl)cc1,CCCC(C)(C)C(=O)Nc1ccc(Cl)cc1
Suspect809,OCCNc1nc(Nc2ccccc2)nc(NCCO)n1,OCCNc1nc(NCCO)nc(Nc2ccccc2)n1
Suspect810,Nc1ccc2C(=O)c3c(cccc3)C(=O)c2c1N,Nc1ccc2c(c1N)C(=O)c1ccccc1C2=O
Suspect818,CC1=C(C(=NO1)C)C(=O)NC2=C(N=C(C=C2)N3CCOCC3)N4CCOCC4,Cc1noc(C)c1C(=O)Nc1ccc(N2CCOCC2)nc1N1CCOCC1
Suspect819,CCCCCCCCCCCCCCCCCCOC(=O)Cl,CCCCCCCCCCCCCCCCCCOC(=O)Cl
Suspect82,CCCCCCCCCCCCNc1ncnc2c1[nH]cn2,CCCCCCCCCCCCNc1ncnc2nc[nH]c12
Suspect820,COc1cc(C[C@@H](CO)[C@H](CO)Cc2cc(OC)c(O)cc2)ccc1O,COc1cc(C[C@@H](CO)[C@H](CO)Cc2ccc(O)c(OC)c2)ccc1O
Suspect824,OCCOCCOCCOCCOCCOCCOCCOCCOCCOCCOCCOCCOCCOCCO,OCCOCCOCCOCCOCCOCCOCCOCCOCCOCCOCCOCCOCCOCCO
Suspect828,CCCCCCCCCCCCCCCCCC(=O)NCCNCCNCCNC(=O)CCCCCCCCCCCCCCCCC,CCCCCCCCCCCCCCCCCC(=O)NCCNCCNCCNC(=O)CCCCCCCCCCCCCCCCC
Suspect830,CCCCCCCCCCCCCCCCCCCCCCOC(=O)[C@H](O)[C@@H](O)C(=O)OCCCCCCCCCCCCCCCCCCCCCC,CCCCCCCCCCCCCCCCCCCCCCOC(=O)[C@H](O)[C@@H](O)C(=O)OCCCCCCCCCCCCCCCCCCCCCC
Suspect832,FC(=O)C(F)(F)C(F)(F)C(F)(F)C(F)(F)F,O=C(F)C(F)(F)C(F)(F)C(F)(F)C(F)(F)F
Suspect833,COCNC(=O)C(=C)C,C=C(C)C(=O)NCOC
Suspect834,CCSCCSP(=O)(OC)OC,CCSCCSP(=O)(OC)OC
Suspect835,Oc1ccccc1Cl,Oc1ccccc1Cl
Suspect837,CNCc1ccncc1,CNCc1ccncc1
Suspect839,Nc1ccc(C(O)=O)c(O)c1,Nc1ccc(C(=O)O)c(O)c1
Suspect84,CC1(C)CC2(CC(C)(C)N1)OC1(CCCCCCCCCCC1)NC2=O,CC1(C)CC2(CC(C)(C)N1)OC1(CCCCCCCCCCC1)NC2=O
Suspect841,CCOC=C(C#N)C(=O)OCC,CCOC=C(C#N)C(=O)OCC
Suspect842,CC/C=C/CCOC(=O)OC,CC/C=C/CCOC(=O)OC
Suspect845,ClCc1c(Cl)c(Cl)c(CCl)c(Cl)c1Cl,ClCc1c(Cl)c(Cl)c(CCl)c(Cl)c1Cl
Suspect846,O=Cc1cccc(c1)C#N,N#Cc1cccc(C=O)c1
Suspect85,[Cl-].CCOc1ccc(cc1)C(=O)OCCN(CC)CC.[H+],CCOc1ccc(C(=O)OCCN(CC)CC)cc1
Suspect851,C1=CC=C(C=C1)N2C(=O)C(=C(C=N2)N)Br,Nc1cnn(-c2ccccc2)c(=O)c1Br
Suspect852,OC[C@@H](O)[C@@H](O)[C@H](O)[C@@H](O)C(=O)NC(CC1CCCCC1)C(O)=O,O=C(O)C(CC1CCCCC1)NC(=O)[C@H](O)[C@@H](O)[C@H](O)[C@H](O)CO
Suspect86,COc1cc(CO)c(OC)cc1,COc1ccc(OC)c(CO)c1
Suspect87,CCc1cccc(C)c1N(COC(C)C)C(=O)CCl,CCc1cccc(C)c1N(COC(C)C)C(=O)CCl
Suspect88,CCCCCCCCCCCCCCCCNC(=O)C=C,C=CC(=O)NCCCCCCCCCCCCCCCC
Suspect89,CCNc1nc(NC(C)(C)C)nc(n1)S(C)=O,CCNc1nc(NC(C)(C)C)nc([S+](C)[O-])n1
Suspect9,CCCCCCCCOC(=O)c1c(cccc1)C(=O)O,CCCCCCCCOC(=O)c1ccccc1C(=O)O
Suspect90,N(C)(CCCCCCCCCC)(C)=O,CCCCCCCCCC[N+](C)(C)[O-]
Suspect91,O=C2C(=C/C1(OC(=O)CC1)/C=C/2C(C)(C)C)C(C)(C)C,CC(C)(C)C1=CC2(C=C(C(C)(C)C)C1=O)CCC(=O)O2
Suspect93,CCCCN(CCO)CCO,CCCCN(CCO)CCO
Suspect96,CCCCCCCCCCCCCC(=O)NCCO,CCCCCCCCCCCCCC(=O)NCCO
Suspect97,CC(C)COP(=O)(OCC(C)C)OCC(C)C,CC(C)COP(=O)(OCC(C)C)OCC(C)C
Suspect98,C1=C(C(=CC(=C1Cl)S(=O)(=O)N)S(=O)(=O)N)N,Nc1cc(Cl)c(S(N)(=O)=O)cc1S(N)(=O)=O
Suspect99,OCCOCCOCCOCCOc1ccccc1,OCCOCCOCCOCCOc1ccccc1
Target1,c12c(n(c(=O)n(c1=O)C)C)ncn2C,Cn1c(=O)c2c(ncn2C)n(C)c1=O
Target10,CC(C)=CC1C(C(=O)OC2CC(=O)C(CC=CC=C)=C2C)C1(C)C,C=CC=CCC1=C(C)C(OC(=O)C2C(C=C(C)C)C2(C)C)CC1=O
Target100,CC1=C(C(=O)N[C@H]2[C@H]3SC(C)(C)[C@@H](N3C2=O)C(O)=O)C(=NO1)C1=CC=CC=C1,Cc1onc(-c2ccccc2)c1C(=O)N[C@@H]1C(=O)N2[C@@H]1SC(C)(C)[C@@H]2C(=O)O
Target101,CC1CCc2cc(F)cc3c2n1cc(C(O)=O)c3=O,CC1CCc2cc(F)cc3c(=O)c(C(=O)O)cn1c23
Target104,c1(NS(c2ccc(N)cc2)(=O)=O)cc(nc(n1)OC)OC,COc1cc(NS(=O)(=O)c2ccc(N)cc2)nc(OC)n1
Target106,COc1cc(NS(=O)(=O)c2ccc(N)cc2)ncn1,COc1cc(NS(=O)(=O)c2ccc(N)cc2)ncn1
Target107,c1(S(Nc2nccs2)(=O)=O)ccc(N)cc1,Nc1ccc(S(=O)(=O)Nc2nccs2)cc1
Target108,C[C@@]1([C@H]2[C@@H]([C@H]3[C@@H](C(=C(C(=O)[C@]3(C(=C2C(=O)C4=C1C=CC=C4O)O)O)C(=O)N)O)N(C)C)O)O,CN(C)[C@@H]1C(O)=C(C(N)=O)C(=O)[C@@]2(O)C(O)=C3C(=O)c4c(O)cccc4[C@@](C)(O)[C@H]3[C@H](O)[C@@H]12
Target11,OC(=O)c1ccccc1,O=C(O)c1ccccc1
Target110,C[C@@]1([C@H]2C[C@H]3[C@@H](C(=O)C(=C([C@]3(C(=O)C2=C(C4=C(C=CC(=C41)Cl)O)O)O)O)C(=O)N)N(C)C)O,CN(C)[C@@H]1C(=O)C(C(N)=O)=C(O)[C@@]2(O)C(=O)C3=C(O)c4c(O)ccc(Cl)c4[C@@](C)(O)[C@H]3C[C@@H]12
Target112,CC1=CC=C(C=C1)C2=C(N3C=C(C=CC3=N2)C)CC(=O)N(C)C,Cc1ccc(-c2nc3ccc(C)cn3c2CC(=O)N(C)C)cc1
Target113,CN(C)CCCN1c2ccccc2CCc2ccccc12,CN(C)CCCN1c2ccccc2CCc2ccccc21
Target114,CN(C)CC/C=C/1\C2=CC=CC=C2COC3=CC=CC=C31,CN(C)CC/C=C1\c2ccccc2COc2ccccc21
Target115,CN1CCN2C(C1)c1ccccc1Cc1cccnc21,CN1CCN2c3ncccc3Cc3ccccc3C2C1
Target116,CN1C(=O)CN=C(C2=C1C=CC(=C2)Cl)C3=CCCCC3,CN1C(=O)CN=C(C2=CCCCC2)c2cc(Cl)ccc21
Target117,Brc1ccc2NC(=O)CN=C(c3ccccn3)c2c1,O=C1CN=C(c2ccccn2)c2cc(Br)ccc2N1
Target118,c1ccc(c(c1)C2=NC(C(=O)Nc3c2cc(cc3)Cl)O)Cl,O=C1Nc2ccc(Cl)cc2C(c2ccccc2Cl)=NC1O
Target119,CC1=NC=C2N1C3=C(C=C(C=C3)Cl)C(=NC2)C4=CC=CC=C4F,Cc1ncc2n1-c1ccc(Cl)cc1C(c1ccccc1F)=NC2
Target12,CCCC(CCC)C(=O)O,CCCC(CCC)C(=O)O
Target120,CN1C2=C(C=C(C=C2)Cl)C(=NC(C1=O)O)C3=CC=CC=C3,CN1C(=O)C(O)N=C(c2ccccc2)c2cc(Cl)ccc21
Target121,Clc1ccc2NC(=O)CN=C(c3ccccc3)c2c1,O=C1CN=C(c2ccccc2)c2cc(Cl)ccc2N1
Target122,Cc1nnc2n1-c3ccc(cc3C(=NC2)c4ccccc4)Cl,Cc1nnc2n1-c1ccc(Cl)cc1C(c1ccccc1)=NC2
Target123,CN(C)CCCN1c2ccccc2Sc2ccc(Cl)cc12,CN(C)CCCN1c2ccccc2Sc2ccc(Cl)cc21
Target124,CC1=C(CCN2CCC(CC2)C2=NOC3=C2C=CC(F)=C3)C(=O)N2CCCCC2=N1,Cc1nc2n(c(=O)c1CCN1CCC(c3noc4cc(F)ccc34)CC1)CCCC2
Target125,CC1=C(C(=O)N2CCC[C@H](C2=N1)O)CCN3CCC(CC3)C4=NOC5=C4C=CC(=C5)F,Cc1nc2n(c(=O)c1CCN1CCC(c3noc4cc(F)ccc34)CC1)CCC[C@H]2O
Target126,CNCC(c1ccc(OC)cc1)C1(O)CCCCC1,CNCC(c1ccc(OC)cc1)C1(O)CCCCC1
Target127,CNCCC(C1=CC=CC=C1)OC2=CC=C(C=C2)C(F)(F)F,CNCCC(Oc1ccc(C(F)(F)F)cc1)c1ccccc1
Target129,CN1CC[C@]23c4c5ccc(c4O[C@H]2[C@H](C=C[C@H]3[C@H]1C5)O)O,CN1CC[C@]23c4c5ccc(O)c4O[C@H]2[C@@H](O)C=C[C@H]3[C@H]1C5
Target13,CC(C)(c1ccc(O)cc1)c1ccc(O)cc1,CC(C)(c1ccc(O)cc1)c1ccc(O)cc1
Target131,c1cccc(c1)C[C@H](C)NC,CN[C@@H](C)Cc1ccccc1
Target132,C/C=C/1C(CC(N1C)C)(C2=CC=CC=C2)C3=CC=CC=C3,C/C=C1/N(C)C(C)CC1(c1ccccc1)c1ccccc1
Target133,C[C@H](N)[C@H](O)c1ccccc1,C[C@H](N)[C@H](O)c1ccccc1
Target134,Cc1ccc(cc1)C(=O)C(C)NC,CNC(C)C(=O)c1ccc(C)cc1
Target136,CCN(CC)C(=O)[C@H]1CN([C@@H]2CC3(C4=C(C2=C1)C=CC=C4NC3=O)O)C,CCN(CC)C(=O)[C@@H]1C=C2c3cccc4c3C(O)(C[C@H]2N(C)C1)C(=O)N4
Target139,CNC(C)CC1=CC2=C(OCO2)C=C1,CNC(C)Cc1ccc2c(c1)OCO2
Target14,CN(C)C(=N)NC(N)=N,CN(C)C(=N)NC(=N)N
Target140,C[C@]([C@H]1C[C@@]23CCC1([C@H]4[C@@]25CCN[C@@H]3CC6=C5C(=C(C=C6)O)O4)OC)(C(C)(C)C)O,COC12CC[C@@]3(C[C@@H]1[C@](C)(O)C(C)(C)C)[C@H]1Cc4ccc(O)c5c4[C@@]3(CCN1)[C@H]2O5
Target141,CCC(=O)N(c1ccccc1)C1(CCN(CCC(=O)OC)CC1)C(=O)OC,CCC(=O)N(c1ccccc1)C1(C(=O)OC)CCN(CCC(=O)OC)CC1
Target142,CC(=O)Oc1ccc2c3c1O[C@@H]4[C@]35CCN([C@H](C2)[C@@H]5C=C[C@@H]4OC(=O)C)C,CC(=O)Oc1ccc2c3c1O[C@H]1[C@@H](OC(C)=O)C=C[C@H]4[C@@H](C2)N(C)CC[C@@]341
Target143,O=C4C5Oc1c2c(ccc1OC)CC3N(CCC25C3(O)CC4)C,COc1ccc2c3c1OC1C(=O)CCC4(O)C(C2)N(C)CCC314
Target144,CN1CC[C@]23[C@@H]4[C@H]1CC5=C2C(=C(C=C5)OC)O[C@H]3[C@H](C=C4)O,COc1ccc2c3c1O[C@H]1[C@@H](O)C=C[C@H]4[C@@H](C2)N(C)CC[C@@]341
Target149,O[C@H]1C=C[C@H]2[C@H]3Cc4ccc(O)c5O[C@@H]1[C@]2(CCN3CC=C)c45,C=CCN1CC[C@]23c4c5ccc(O)c4O[C@H]2[C@@H](O)C=C[C@H]3[C@H]1C5
Target150,CC(=O)NC1=CC=C(O)C=C1,CC(=O)Nc1ccc(O)cc1
Target151,COC1=CC=CC(=C1)[C@@]2(O)CCCC[C@@H]2CN(C)C,COc1cccc([C@@]2(O)CCCC[C@@H]2CN(C)C)c1
Target152,c1ccc(c(c1)C2(CCCCC2=O)N)Cl,NC1(c2ccccc2Cl)CCCCC1=O
Target153,CCN(CC)CC(=O)NC1=C(C)C=CC=C1C,CCN(CC)CC(=O)Nc1c(C)cccc1C
Target154,CC1(O[C@@H]2CO[C@@]3([C@H]([C@@H]2O1)OC(O3)(C)C)COS(=O)(=O)N)C,CC1(C)O[C@@H]2[C@@H](CO[C@@]3(COS(N)(=O)=O)OC(C)(C)O[C@@H]23)O1
Target155,c1(ccccc1)C2(C(=O)NCNC2=O)CC,CCC1(c2ccccc2)C(=O)NCNC1=O
Target156,CC(=O)NC(COC)C(=O)NCC1=CC=CC=C1,COCC(NC(C)=O)C(=O)NCc1ccccc1
Target157,CC(C)NCC(COc1ccc(cc1)CC(=O)N)O,CC(C)NCC(O)COc1ccc(CC(N)=O)cc1
Target16,C[C@]12CCC(=O)C=C1CC[C@@H]3[C@@H]2[C@H](C[C@]4([C@H]3CCC4=O)C)O,C[C@]12CCC(=O)C=C1CC[C@@H]1[C@@H]2[C@@H](O)C[C@]2(C)C(=O)CC[C@@H]12
Target160,CCCCC(=O)N(CC1=CC=C(C=C1)C2=C(C=CC=C2)C3=NN=NN3)[C@@H](C(C)C)C(O)=O,CCCCC(=O)N(Cc1ccc(-c2ccccc2-c2nnn[nH]2)cc1)[C@H](C(=O)O)C(C)C
Target163,C1=CC=C(C=C1)C2=NC3=C(N=C(N=C3N=C2N)N)N,Nc1nc(N)c2nc(-c3ccccc3)c(N)nc2n1
Target164,CN1CCN(CC1)C(=O)OC2C3=NC=CN=C3C(=O)N2C4=NC=C(C=C4)Cl,CN1CCN(C(=O)OC2c3nccnc3C(=O)N2c2ccc(Cl)cn2)CC1
Target165,OC(=O)c1cccnc1Nc1cccc(c1)C(F)(F)F,O=C(O)c1cccnc1Nc1cccc(C(F)(F)F)c1
Target166,c1c(c(ccc1)Nc1c(cccc1Cl)Cl)CC(=O)O,O=C(O)Cc1ccccc1Nc1c(Cl)cccc1Cl
Target167,CC(C1=CC=CC(=C1)C(=O)C2=CC=CC=C2)C(=O)O,CC(C(=O)O)c1cccc(C(=O)c2ccccc2)c1
Target168,CN1C2=C(C(=O)N(C1=O)C)NC=N2,Cn1c(=O)c2[nH]cnc2n(C)c1=O
Target17,c1cc(C(=O)c2ccc(cc2)OC(C(=O)O)(C)C)ccc1Cl,CC(C)(Oc1ccc(C(=O)c2ccc(Cl)cc2)cc1)C(=O)O
Target170,CC(=O)NC=2C(=O)N(c1ccccc1)N(C)C=2C,CC(=O)Nc1c(C)n(C)n(-c2ccccc2)c1=O
Target171,n1(c(nc2c1cccc2)c1cc(c2c(n(c(CCC)n2)Cc2ccc(cc2)c2c(cccc2)C(O)=O)c1)C)C,CCCc1nc2c(C)cc(-c3nc4ccccc4n3C)cc2n1Cc1ccc(-c2ccccc2C(=O)O)cc1
Target172,OC1(C(C2=CC=C(OC)C=C2)C[N+](C)(C)[O-])CCCCC1,COc1ccc(C(C[N+](C)(C)[O-])C2(O)CCCCC2)cc1
Target173,NS(=O)(=O)C1=CC2=C(NCNS2(=O)=O)C=C1Cl,NS(=O)(=O)c1cc2c(cc1Cl)NCNS2(=O)=O
Target174,CC1=C(C(=C(C=C1)Cl)NC2=CC=CC=C2C(=O)O)Cl,Cc1ccc(Cl)c(Nc2ccccc2C(=O)O)c1Cl
Target175,O=S(=O)(O)c1nc2ccccc2s1,O=S(=O)(O)c1nc2ccccc2s1
Target176,CC(C)(C)C(=O)C(Oc1ccc(Cl)cc1)n1ccnc1,CC(C)(C)C(=O)C(Oc1ccc(Cl)cc1)n1ccnc1
Target177,C12(C(N(Cc3ccc(c4c(c5[nH]nnn5)cccc4)cc3)C(=N1)CCCC)=O)CCCC2,CCCCC1=NC2(CCCC2)C(=O)N1Cc1ccc(-c2ccccc2-c2nnn[nH]2)cc1
Target178,C1=CC=C(C=C1)C2=NC3=C(N2)C=CC(=C3)S(=O)(=O)O,O=S(=O)(O)c1ccc2[nH]c(-c3ccccc3)nc2c1
Target179,CCCCCCCCCCCCc1ccccc1S(O)(=O)=O,CCCCCCCCCCCCc1ccccc1S(=O)(=O)O
Target18,OCCCC(O)=O,O=C(O)CCCO
Target180,CN1CCCC1=O,CN1CCCC1=O
Target181,CCCCCCCCCC[N+](C)(C)CCCCCCCCCC,CCCCCCCCCC[N+](C)(C)CCCCCCCCCC
Target182,O=C1NS(=O)(=O)c2ccccc12,O=C1NS(=O)(=O)c2ccccc21
Target183,CC[N+]1(CCCC1CNC(=O)C2=CC(=C(C=C2OC)N)S(=O)(=O)CC)[O-],CC[N+]1([O-])CCCC1CNC(=O)c1cc(S(=O)(=O)CC)c(N)cc1OC
Target184,CC(=O)OC1=CC=CC=C1C(=O)O,CC(=O)Oc1ccccc1C(=O)O
Target185,C1=C2C(=CC(=C1Cl)S(=O)(=O)N)S(=O)(=O)NC=N2,NS(=O)(=O)c1cc2c(cc1Cl)N=CNS2(=O)=O
Target186,COC(=O)CCc1ccc(OCC(O)CNC(C)C)cc1,COC(=O)CCc1ccc(OCC(O)CNC(C)C)cc1
Target187,CC[N+](CC)(CC(=O)NC1=C(C=CC=C1C)C)[O-],CC[N+]([O-])(CC)CC(=O)Nc1c(C)cccc1C
Target188,CC(=O)OC1CN2CCC1CC2,CC(=O)OC1CN2CCC1CC2
Target189,C1C[N+](CCN1C(C2=CC=CC=C2)C3=CC=C(C=C3)Cl)(CCOCC(=O)O)[O-],O=C(O)COCC[N+]1([O-])CCN(C(c2ccccc2)c2ccc(Cl)cc2)CC1
Target19,N1(c2c(cccc2)C=Cc2c1cccc2)C(N)=O,NC(=O)N1c2ccccc2C=Cc2ccccc21
Target190,CCCCc1nc(Cl)c(CO)n1Cc1ccc(cc1)-c1ccccc1-c1nn[nH]n1,CCCCc1nc(Cl)c(CO)n1Cc1ccc(-c2ccccc2-c2nn[nH]n2)cc1
Target191,O=c1[nH]c2ccccc2s1,O=c1[nH]c2ccccc2s1
Target192,CC1=CC=C(C=C1)S(=O)(=O)N,Cc1ccc(S(N)(=O)=O)cc1
Target193,CCOS(O)(=O)=O,CCOS(=O)(=O)O
Target194,Cn1cnc2n(C)c(=O)[nH]c(=O)c12,Cn1cnc2c1c(=O)[nH]c(=O)n2C
Target195,N#Cc1ccc2c(c1)COC2(CCC[N+](C)(C)[O-])c1ccc(cc1)F,C[N+](C)([O-])CCCC1(c2ccc(F)cc2)OCc2cc(C#N)ccc21
Target197,CCN(CC)C(=O)NC1=CC(=C(C=C1)OCC(CNC(C)(C)C)O)C(=O)C,CCN(CC)C(=O)Nc1ccc(OCC(O)CNC(C)(C)C)c(C(C)=O)c1
Target198,CCC/C(=N\OCC)/C1=C(CC(CC1=O)CC(C)SCC)O,CCC/C(=N\OCC)C1=C(O)CC(CC(C)SCC)CC1=O
Target199,c1(ccc(cc1)NC(C)=O)S(Nc1cc(C)on1)(=O)=O,CC(=O)Nc1ccc(S(=O)(=O)Nc2cc(C)on2)cc1
Target2,COCCOCCOC,COCCOCCOC
Target20,Cl-c(ccc1)c(Cl)c1-c(nnc2N)c(n2)N,Nc1nnc(-c2cccc(Cl)c2Cl)c(N)n1
Target200,CN1[C@@H](CCC1=O)C2=CN=CC=C2,CN1C(=O)CC[C@H]1c1cccnc1
Target202,CN1N(C(=O)C=C1C)C2=CC=CC=C2,Cc1cc(=O)n(-c2ccccc2)n1C
Target204,C1(C(CNC)CCCC1)(O)c2cc(O)ccc2,CNCC1CCCCC1(O)c1cccc(O)c1
Target206,FC1(F)Oc2cccc(c2O1)c3c[nH]cc3C#N,N#Cc1c[nH]cc1-c1cccc2c1OC(F)(F)O2
Target21,NC(=O)N1c2ccccc2CC(=O)c2ccccc12,NC(=O)N1c2ccccc2CC(=O)c2ccccc21
Target216,C1=NNC2=C1C(=NC=N2)O,Oc1ncnc2[nH]ncc12
Target217,COC(=O)C(N1CCc2sccc2C1)c1ccccc1Cl,COC(=O)C(c1ccccc1Cl)N1CCc2sccc2C1
Target22,CCCCCCCCCCCCCC[N+](C)(C)[O-],CCCCCCCCCCCCCC[N+](C)(C)[O-]
Target222,OC(CN1C=NC=N1)(CN1C=NC=N1)C1=C(F)C=C(F)C=C1,OC(Cn1cncn1)(Cn1cncn1)c1ccc(F)cc1F
Target223,O=C(/N=C(N)N)N,NC(=O)N=C(N)N
Target224,COC=C(C(=O)OC)c1ccccc1Oc1cc(Oc2ccccc2C#N)ncn1,COC=C(C(=O)OC)c1ccccc1Oc1cc(Oc2ccccc2C#N)ncn1
Target225,CC(C)C(=O)Nc1ccc(c(c1)C(F)(F)F)[N+]([O-])=O,CC(C)C(=O)Nc1ccc([N+](=O)[O-])c(C(F)(F)F)c1
Target226,Cl-c(ncc1CN(CC2)C(N2)=NN(=O)=O)cc1,O=[N+]([O-])N=C1NCCN1Cc1ccc(Cl)nc1
Target227,c1(c(ccc(c1)NC(N(C)C)=O)Cl)Cl,CN(C)C(=O)Nc1ccc(Cl)c(Cl)c1
Target228,CCOP(=O)(OCC)OCC,CCOP(=O)(OCC)OCC
Target229,CCOc1nc2cccc(C(O)=O)c2n1Cc1ccc(cc1)-c1ccccc1-c1nnn[nH]1,CCOc1nc2cccc(C(=O)O)c2n1Cc1ccc(-c2ccccc2-c2nnn[nH]2)cc1
Target23,C1=CC=C2C(=C1)NN=N2,c1ccc2[nH]nnc2c1
Target230,C1=CC=C(C(=C1)C(=O)O)NC2=CC=CC(=C2)C(F)(F)F,O=C(O)c1ccccc1Nc1cccc(C(F)(F)F)c1
Target235,CN1COCN(Cc2cnc(Cl)s2)C1=N[N+]([O-])=O,CN1COCN(Cc2cnc(Cl)s2)C1=N[N+](=O)[O-]
Target236,C[C@]12CC[C@@H]3[C@H]4CC[C@H](C[C@@H]4CC[C@H]3[C@@H]1CCC2=O)O,C[C@]12CC[C@H]3[C@@H](CC[C@H]4C[C@H](O)CC[C@@H]43)[C@@H]1CCC2=O
Target237,NS(=O)(=O)c1cc(C(O)=O)c(NCc2ccco2)cc1Cl,NS(=O)(=O)c1cc(C(=O)O)c(NCc2ccco2)cc1Cl
Target238,CC[C@@]1(CC[C@@H]2[C@@]1(CC[C@H]3[C@H]2CCC4=CC(=O)CC[C@H]34)C)O,CC[C@]1(O)CC[C@H]2[C@@H]3CCC4=CC(=O)CC[C@@H]4[C@H]3CC[C@@]21C
Target24,CCCCOC(=O)c1ccccc1C(=O)OCCCC,CCCCOC(=O)c1ccccc1C(=O)OCCCC
Target240,CC(=O)CCCCn1c(=O)n(C)c2ncn(C)c2c1=O,CC(=O)CCCCn1c(=O)c2c(ncn2C)n(C)c1=O
Target241,CC(CC1=CNC2=CC=CC=C21)N,CC(N)Cc1c[nH]c2ccccc12
Target244,NC12CC3CC(CC(C3)C1)C2,NC12CC3CC(CC(C3)C1)C2
Target245,OC2(c1cc(O)ccc1)CCCCC2CN(C)C,CN(C)CC1CCCCC1(O)c1cccc(O)c1
Target246,CC(C)NCC(C1=CC=C(C=C1)NS(=O)(=O)C)O,CC(C)NCC(O)c1ccc(NS(C)(=O)=O)cc1
Target247,CCCCC1=NC=C(N1CC2=CC=C(C=C2)C(=O)O)/C=C(CC3=CC=CS3)/C(=O)O,CCCCc1ncc(/C=C(\Cc2cccs2)C(=O)O)n1Cc1ccc(C(=O)O)cc1
Target248,CS(=O)(=O)c1ccc(cc1)[C@@H](O)[C@@H](CF)NC(=O)C(Cl)Cl,CS(=O)(=O)c1ccc([C@@H](O)[C@@H](CF)NC(=O)C(Cl)Cl)cc1
Target249,Cc1cccc(C)c1NC(=O)c1cc(c(Cl)cc1O)S(N)(=O)=O,Cc1cccc(C)c1NC(=O)c1cc(S(N)(=O)=O)c(Cl)cc1O
Target25,CCCCCCCCCCCC[N+](C)(C)Cc1ccccc1,CCCCCCCCCCCC[N+](C)(C)Cc1ccccc1
Target250,Cn1cnc2n(C)c(=O)n(CCCC(O)=O)c(=O)c12,Cn1cnc2c1c(=O)n(CCCC(=O)O)c(=O)n2C
Target251,C1CC[N+]2(C1)C3CCC2CC(C3)OC(=O)C(C4=CC=CC=C4)(C5=CC=CC=C5)O,O=C(OC1CC2CCC(C1)[N+]21CCCC1)C(O)(c1ccccc1)c1ccccc1
Target253,C1C(C2=CC=CC=C2N(C3=CC=CC=C31)C(=O)N)O,NC(=O)N1c2ccccc2CC(O)c2ccccc21
Target254,C[C@]12CC[C@@H]3c4ccc(c(c4CC[C@H]3[C@@H]1CCC2=O)O)O,C[C@]12CC[C@@H]3c4ccc(O)c(O)c4CC[C@H]3[C@@H]1CCC2=O
Target255,[H][C@@]12CC[C@H](O)[C@@]1(C)C=CC1=C3CCC(=O)C=C3CC[C@@]21[H],C[C@]12C=CC3=C4CCC(=O)C=C4CC[C@H]3[C@@H]1CC[C@@H]2O
Target257,COC(C)(C)CCCC(C)CC=CC(C)=CC(=O)OC(C)C,COC(C)(C)CCCC(C)CC=CC(C)=CC(=O)OC(C)C
Target26,CCCCC(CC)COC(=O)C(=C(C1=CC=CC=C1)C2=CC=CC=C2)C#N,CCCCC(CC)COC(=O)C(C#N)=C(c1ccccc1)c1ccccc1
Target260,CC(CC1=CC=CC=C1OC)NC,CNC(C)Cc1ccccc1OC
Target261,c1(nc(nc(n1)SC)NCC)NC(C)(C)C,CCNc1nc(NC(C)(C)C)nc(SC)n1
Target262,CN1c2ccc(Cl)cc2C(=NCC1=O)c1ccccc1,CN1C(=O)CN=C(c2ccccc2)c2cc(Cl)ccc21
Target263,c1ccc(c(c1)C2=NCc3cnc(n3-c4c2cc(cc4)Cl)CO)F,OCc1ncc2n1-c1ccc(Cl)cc1C(c1ccccc1F)=NC2
Target264,C1=C(C=C(C(=C1Cl)N2C(=C(C(=N2)C#N)S(=O)C(F)(F)F)N)Cl)C(F)(F)F,N#Cc1nn(-c2c(Cl)cc(C(F)(F)F)cc2Cl)c(N)c1[S+]([O-])C(F)(F)F
Target265,C[N+](C)(CCC(c1ccccc1)c2ccccn2)[O-],C[N+](C)([O-])CCC(c1ccccc1)c1ccccn1
Target266,CNc1c(C)n(C)n(-c2ccccc2)c1=O,CNc1c(C)n(C)n(-c2ccccc2)c1=O
Target269,CN(C)CCC=C1C2=CC=CC=C2COC3=C1C=C(C=C3)CC(=O)O,CN(C)CCC=C1c2ccccc2COc2ccc(CC(=O)O)cc21
Target27,c1(nc(nc(n1)O)NCC)NC(C)C,CCNc1nc(O)nc(NC(C)C)n1
Target270,c1(c(cccc1)C(O)=O)Nc1c(c(ccc1)C)C,Cc1cccc(Nc2ccccc2C(=O)O)c1C
Target271,O=S(=O)(c2c(Nc1cc(ccc1)C)ccnc2)NC(=O)NC(C)C,Cc1cccc(Nc2ccncc2S(=O)(=O)NC(=O)NC(C)C)c1
Target272,Fc1cc(c(F)cc1F)C[C@@H](N)CC(=O)N3Cc2nnc(n2CC3)C(F)(F)F,N[C@@H](CC(=O)N1CCn2c(nnc2C(F)(F)F)C1)Cc1cc(F)c(F)cc1F
Target273,OS(=O)(=O)C(F)(F)C(F)(F)C(F)(F)C(F)(F)C(F)(F)C(F)(F)F,O=S(=O)(O)C(F)(F)C(F)(F)C(F)(F)C(F)(F)C(F)(F)C(F)(F)F
Target274,CC1=CC(=O)C[C@@H]2CCC3C4CCC(O)C4(C)CCC3C12C,CC1=CC(=O)C[C@@H]2CCC3C4CCC(O)C4(C)CCC3C12C
Target275,COc1ccccc1OCC(O)COC(N)=O,COc1ccccc1OCC(O)COC(N)=O
Target276,Cc1ccc(cc1)N(CC1=NCCN1)c1cccc(O)c1,Cc1ccc(N(CC2=NCCN2)c2cccc(O)c2)cc1
Target28,Nc1cnn(-c2ccccc2)c(=O)c1Cl,Nc1cnn(-c2ccccc2)c(=O)c1Cl
Target282,O=C(C(c1ccccc1)c1ccccc1)C1C(=O)c2ccccc2C1=O,O=C1c2ccccc2C(=O)C1C(=O)C(c1ccccc1)c1ccccc1
Target284,Oc1ccc(C=Cc2cc(O)cc(O)c2)cc1,Oc1ccc(C=Cc2cc(O)cc(O)c2)cc1
Target285,C1=CC=C2C(=C1)N=NN2Cl,Cln1nnc2ccccc21
Target286,COCC(=O)N([C@H](C)C(=O)OC)c1c(C)cccc1C,COCC(=O)N(c1c(C)cccc1C)[C@H](C)C(=O)OC
Target287,c1ccc(c(c1)C2=NCC(=O)Nc3c2cc(cc3)Cl)F,O=C1CN=C(c2ccccc2F)c2cc(Cl)ccc2N1
Target288,CCCNCC(COC1=CC=CC=C1C(=O)CCC2=CC=CC=C2)O,CCCNCC(O)COc1ccccc1C(=O)CCc1ccccc1
Target289,CC(C)[C@H](N1CCCNC1=O)C(=O)N[C@H](C[C@H](O)[C@H](Cc1ccccc1)NC(=O)COc1c(C)cccc1C)Cc1ccccc1,Cc1cccc(C)c1OCC(=O)N[C@@H](Cc1ccccc1)[C@@H](O)C[C@H](Cc1ccccc1)NC(=O)[C@H](C(C)C)N1CCCNC1=O
Target29,c1(nc(nc(n1)Cl)NCC)NC(C)C,CCNc1nc(Cl)nc(NC(C)C)n1
Target290,C[C@H]1CC(=O)C[C@@H]2CC[C@H]3[C@@H]4CC[C@H](O)[C@@]4(C)CC[C@@H]3[C@@]12C,C[C@H]1CC(=O)C[C@@H]2CC[C@H]3[C@@H]4CC[C@H](O)[C@@]4(C)CC[C@@H]3[C@]21C
Target291,OC1N=C(c2ccccn2)c2cc(Br)ccc2N=C1O,OC1=Nc2ccc(Br)cc2C(c2ccccn2)=NC1O
Target292,c1(C(NCCc2ccc(OC(C(O)=O)(C)C)cc2)=O)ccc(Cl)cc1,CC(C)(Oc1ccc(CCNC(=O)c2ccc(Cl)cc2)cc1)C(=O)O
Target293,CC1CC2=CC=CC=C2N1NC(=O)C3=CC(=C(C=C3)Cl)S(=O)(=O)N,CC1Cc2ccccc2N1NC(=O)c1ccc(Cl)c(S(N)(=O)=O)c1
Target294,CCOC(=O)N1CCC(CC1)=C1c2ccc(Cl)cc2CCc2cccnc12,CCOC(=O)N1CCC(=C2c3ccc(Cl)cc3CCc3cccnc32)CC1
Target295,CCN(CC)CCSCC(=O)O[C@@H]1C[C@@]([C@H]([C@@H]([C@@]23CC[C@H]([C@@]1([C@@H]2C(=O)CC3)C)C)C)O)(C)C=C,C=C[C@]1(C)C[C@@H](OC(=O)CSCCN(CC)CC)[C@]2(C)[C@H](C)CC[C@]3(CCC(=O)[C@H]32)[C@@H](C)[C@@H]1O
Target296,CC(C)CN(CC(C(CC1=CC=CC=C1)NC(=O)OC2COC3C2CCO3)O)S(=O)(=O)C4=CC=C(C=C4)N,CC(C)CN(CC(O)C(Cc1ccccc1)NC(=O)OC1COC2OCCC12)S(=O)(=O)c1ccc(N)cc1
Target297,CC(C)C(NC(=O)N(C)CC1=CSC(=N1)C(C)C)C(=O)N[C@H](CC(O)[C@H](CC2=CC=CC=C2)NC(=O)OCC3=CN=CS3)CC4=CC=CC=C4,CC(C)c1nc(CN(C)C(=O)NC(C(=O)N[C@@H](Cc2ccccc2)CC(O)[C@H](Cc2ccccc2)NC(=O)OCc2cncs2)C(C)C)cs1
Target298,On1nnc2ccccc12,On1nnc2ccccc21
Target299,Cc1ccc(cc1)-c1cc(nn1-c1ccc(cc1)S(N)(=O)=O)C(F)(F)F,Cc1ccc(-c2cc(C(F)(F)F)nn2-c2ccc(S(N)(=O)=O)cc2)cc1
Target3,c1(C(N(CC)CC)=O)cc(C)ccc1,CCN(CC)C(=O)c1cccc(C)c1
Target30,O=C(O)C(F)(F)C(F)(F)C(F)(F)C(F)(F)C(F)(F)F,O=C(O)C(F)(F)C(F)(F)C(F)(F)C(F)(F)C(F)(F)F
Target300,FC(F)(F)c2cc(Cl)c(n1nc(C#N)c(SC(F)(F)F)c1N)c(Cl)c2,N#Cc1nn(-c2c(Cl)cc(C(F)(F)F)cc2Cl)c(N)c1SC(F)(F)F
Target301,CN(C(=O)NC1=CC=C(C=C1)Cl)OC,CON(C)C(=O)Nc1ccc(Cl)cc1
Target302,CCCCCN1C=C(C2=CC=CC=C21)C(=O)N3CCN(CC3)C,CCCCCn1cc(C(=O)N2CCN(C)CC2)c2ccccc21
Target303,Cc1c(Nc2ncccc2C(O)=O)cccc1C(F)(F)F,Cc1c(Nc2ncccc2C(=O)O)cccc1C(F)(F)F
Target304,c1(c(cc(Cl)cc1)C)OCC(O)=O,Cc1cc(Cl)ccc1OCC(=O)O
Target305,CC(C#C)N(C)C(=O)Nc1ccc(Cl)cc1,C#CC(C)N(C)C(=O)Nc1ccc(Cl)cc1
Target306,c1ccc(c(c1)c2ccc(cc2)Cl)NC(=O)c3cccnc3Cl,O=C(Nc1ccccc1-c1ccc(Cl)cc1)c1cccnc1Cl
Target309,CC(C)CC1=CC=C(C=C1)C(C)C(O)=O,CC(C)Cc1ccc(C(C)C(=O)O)cc1
Target31,C(C(C(F)(F)S(=O)(=O)O)(F)F)(C(F)(F)F)(F)F,O=S(=O)(O)C(F)(F)C(F)(F)C(F)(F)C(F)(F)F
Target313,CCC1(C(=O)NC(=O)NC1=O)C2=CC=CC=C2,CCC1(c2ccccc2)C(=O)NC(=O)NC1=O
Target32,OC(=O)C(F)(F)C(F)(F)C(F)(F)C(F)(F)C(F)(F)C(F)(F)C(F)(F)F,O=C(O)C(F)(F)C(F)(F)C(F)(F)C(F)(F)C(F)(F)C(F)(F)C(F)(F)F
Target325,OC2(C(c1ccc(OC)cc1)CN)CCCCC2,COc1ccc(C(CN)C2(O)CCCCC2)cc1
Target327,COC1=CC2=C(C=C1)N(C(=O)C3=CC=C(Cl)C=C3)C(C)=C2CC(O)=O,COc1ccc2c(c1)c(CC(=O)O)c(C)n2C(=O)c1ccc(Cl)cc1
Target328,C1=CC=C2C(=C1)N=C(S2)N,Nc1nc2ccccc2s1
Target33,CN1CCN=C(C2=C1C=CC(=C2)Cl)C3=CC=CC=C3,CN1CCN=C(c2ccccc2)c2cc(Cl)ccc21
Target332,C1=CC=C(C=C1)C(CN)O,NCC(O)c1ccccc1
Target333,Clc2ncc(CN1CCNC1=O)cc2,O=C1NCCN1Cc1ccc(Cl)nc1
Target335,CNCCCC(C#N)(C(C)C)c1ccc(OC)c(OC)c1,CNCCCC(C#N)(c1ccc(OC)c(OC)c1)C(C)C
Target336,CCOP(=S)(OCC)Oc1cc(C)nc(n1)C(C)C,CCOP(=S)(OCC)Oc1cc(C)nc(C(C)C)n1
Target338,CC(C)(C)C(CCC1=CC=C(C=C1)Cl)(CN2C=NC=N2)O,CC(C)(C)C(O)(CCc1ccc(Cl)cc1)Cn1cncn1
Target34,NC(=O)N2c1ccccc1C4OC4c3ccccc23,NC(=O)N1c2ccccc2C2OC2c2ccccc21
Target342,CO\C=C(\C(O)=O)C1=CC=CC=C1OC1=CC(OC2=CC=CC=C2C#N)=NC=N1,CO/C=C(/C(=O)O)c1ccccc1Oc1cc(Oc2ccccc2C#N)ncn1
Target343,C1CCNC(C1)CNC(=O)C2=C(C=CC(=C2)OCC(F)(F)F)OCC(F)(F)F,O=C(NCC1CCCCN1)c1cc(OCC(F)(F)F)ccc1OCC(F)(F)F
Target346,c1cc(ccc1[C@H]([C@@H](CO)NC(=O)C(Cl)Cl)O)[N+](=O)[O-],O=C(N[C@H](CO)[C@H](O)c1ccc([N+](=O)[O-])cc1)C(Cl)Cl
Target347,Oc1ccc(cc1N(=O)=O)N(=O)=O,O=[N+]([O-])c1ccc(O)c([N+](=O)[O-])c1
Target348,O=C(O)C(F)(F)C(F)(F)C(F)(F)C(F)(F)C(F)(F)C(F)(F)F,O=C(O)C(F)(F)C(F)(F)C(F)(F)C(F)(F)C(F)(F)C(F)(F)F
Target349,O=C(O)C(F)(F)C(F)(F)C(F)(F)C(F)(F)C(F)(F)C(F)(F)C(F)(F)C(F)(F)F,O=C(O)C(F)(F)C(F)(F)C(F)(F)C(F)(F)C(F)(F)C(F)(F)C(F)(F)C(F)(F)F
Target35,Cc1ccc2[nH]nnc2c1,Cc1ccc2[nH]nnc2c1
Target350,O=C(O)C(F)(F)C(F)(F)C(F)(F)C(F)(F)C(F)(F)C(F)(F)C(F)(F)C(F)(F)C(F)(F)F,O=C(O)C(F)(F)C(F)(F)C(F)(F)C(F)(F)C(F)(F)C(F)(F)C(F)(F)C(F)(F)C(F)(F)F
Target351,CC1=CC(=C(C=C1)C)OCCCC(C)(C)C(=O)O,Cc1ccc(C)c(OCCCC(C)(C)C(=O)O)c1
Target352,O=S(=O)(N)c1c(Cl)ccc(c1)C2(O)c3ccccc3C(=O)N2,NS(=O)(=O)c1cc(C2(O)NC(=O)c3ccccc32)ccc1Cl
Target353,Oc1c(Cl)c(Cl)c(Cl)c(Cl)c1Cl,Oc1c(Cl)c(Cl)c(Cl)c(Cl)c1Cl
Target354,O=[S](=O)(O)C(F)(F)C(F)(F)C(F)(F)C(F)(F)C(F)(F)C(F)(F)C(F)(F)F,O=S(=O)(O)C(F)(F)C(F)(F)C(F)(F)C(F)(F)C(F)(F)C(F)(F)C(F)(F)F
Target356,CCCS(=O)(=O)c1ccc2nc(N=C(O)OC)[nH]c2c1,CCCS(=O)(=O)c1ccc2nc(N=C(O)OC)[nH]c2c1
Target357,CS(=O)(=O)Nc1ccc(cc1Oc1ccccc1)[N+]([O-])=O,CS(=O)(=O)Nc1ccc([N+](=O)[O-])cc1Oc1ccccc1
Target358,CC(NCCC(c1ccccc1)c1ccccc1)c1ccccc1,CC(NCCC(c1ccccc1)c1ccccc1)c1ccccc1
Target359,C1(=N)NC(=N)NC(=N)N1,N=c1[nH]c(=N)[nH]c(=N)[nH]1
Target36,n(c(nc1NC(C)C)O)c(n1)NC(C)C,CC(C)Nc1nc(O)nc(NC(C)C)n1
Target360,ClC(=C(C=N1)N)C(=O)N1C,Cn1ncc(N)c(Cl)c1=O
Target361,CCCC(C(=O)C1=CC=CC=C1)N2CCCC2,CCCC(C(=O)c1ccccc1)N1CCCC1
Target362,CCC1(CCC(=O)NC1=O)c2ccc(cc2)N,CCC1(c2ccc(N)cc2)CCC(=O)NC1=O
Target363,CC(N1CCCC1)C(=O)c1ccc2OCOc2c1,CC(C(=O)c1ccc2c(c1)OCO2)N1CCCC1
Target364,CN(C)CCN(Cc1ccccc1)c1ccccn1,CN(C)CCN(Cc1ccccc1)c1ccccn1
Target365,CC1=C(C(=O)Nc2ccccc2)S(=O)(=O)CCO1,CC1=C(C(=O)Nc2ccccc2)S(=O)(=O)CCO1
Target366,CCCOc1ccc(cc1)C(=O)CCN1CCCCC1,CCCOc1ccc(C(=O)CCN2CCCCC2)cc1
Target367,CC(C)NCC(O)COc1cccc2cc(oc12)C(C)=O,CC(=O)c1cc2cccc(OCC(O)CNC(C)C)c2o1
Target368,ClCC(=O)N(CCOCC)C(=C(C)C)c1ccccc1,CCOCCN(C(=O)CCl)C(=C(C)C)c1ccccc1
Target369,C1CC1C#C[C@]2(C3=C(C=CC(=C3)Cl)NC(=O)O2)C(F)(F)F,O=C1Nc2ccc(Cl)cc2[C@@](C#CC2CC2)(C(F)(F)F)O1
Target370,CCN(CC)CCOCCOC(=O)C1(CCCC1)c1ccccc1,CCN(CC)CCOCCOC(=O)C1(c2ccccc2)CCCC1
Target371,CCN(CC)C(=O)N[C@@H]1CN(C)[C@@H]2Cc3c[nH]c4cccc(C2=C1)c34,CCN(CC)C(=O)N[C@H]1C=C2c3cccc4[nH]cc(c34)C[C@H]2N(C)C1
Target372,CN1CC2CC1CN2C3=C(C=C4C(=C3)N(C=C(C4=O)C(=O)O)C5CC5)F,CN1CC2CC1CN2c1cc2c(cc1F)c(=O)c(C(=O)O)cn2C1CC1
Target373,CCC(=O)O[C@@]1([C@H](C[C@@H]2[C@@]1(C[C@@H]([C@]3([C@H]2CCC4=CC(=O)C=C[C@@]43C)F)O)C)C)C(=O)CCl,CCC(=O)O[C@]1(C(=O)CCl)[C@@H](C)C[C@H]2[C@@H]3CCC4=CC(=O)C=C[C@]4(C)[C@@]3(F)[C@@H](O)C[C@@]21C
Target374,Clc1ccc(s1)C(=O)NCC1CN(C(=O)O1)c1ccc(cc1)N1CCOCC1=O,O=C(NCC1CN(c2ccc(N3CCOCC3=O)cc2)C(=O)O1)c1ccc(Cl)s1
Target375,FC(F)(F)c1cccc(c1)N1CC(CCl)C(Cl)C1=O,O=C1C(Cl)C(CCl)CN1c1cccc(C(F)(F)F)c1
Target376,CC(O)C(=O)NC1=C(I)C(C(=O)NC(CO)CO)=C(I)C(C(=O)NC(CO)CO)=C1I,CC(O)C(=O)Nc1c(I)c(C(=O)NC(CO)CO)c(I)c(C(=O)NC(CO)CO)c1I
Target377,CN(C)C(=O)NC1=CC=CC(=C1)C(F)(F)F,CN(C)C(=O)Nc1cccc(C(F)(F)F)c1
Target378,C1=CC=C2C(=C1)NC(=N2)C3=CC=CO3,c1coc(-c2nc3ccccc3[nH]2)c1
Target39,Cc1nnc(SCC2=C(N3C(SC2)C(NC(=O)Cn2cnnn2)C3=O)C(O)=O)s1,Cc1nnc(SCC2=C(C(=O)O)N3C(=O)C(NC(=O)Cn4cnnn4)C3SC2)s1
Target391,c1nc(cs1)-c1nc2ccccc2[nH]1,c1ccc2[nH]c(-c3cscn3)nc2c1
Target4,CC(COc1ccccc1)N(CCCl)Cc1ccccc1,CC(COc1ccccc1)N(CCCl)Cc1ccccc1
Target40,c1(S(Nc2nc(cc(n2)C)C)(=O)=O)ccc(N)cc1,Cc1cc(C)nc(NS(=O)(=O)c2ccc(N)cc2)n1
Target401,Oc1ccc(cc1)C1(OC(=O)c2ccccc12)c1ccc(O)cc1,O=C1OC(c2ccc(O)cc2)(c2ccc(O)cc2)c2ccccc21
Target402,[nH]1c2c(cccc2)c2c1nccc2,c1ccc2c(c1)[nH]c1ncccc12
Target405,OC(=O)c1ccccc1C(=O)Nc1ccc(cc1)S(=O)(=O)Nc1nccs1,O=C(O)c1ccccc1C(=O)Nc1ccc(S(=O)(=O)Nc2nccs2)cc1
Target406,CC(C)Oc1ccccc1OC(=O)NC,CNC(=O)Oc1ccccc1OC(C)C
Target41,c1(S(Nc2cc(C)on2)(=O)=O)ccc(N)cc1,Cc1cc(NS(=O)(=O)c2ccc(N)cc2)no1
Target410,CC(=O)NC[C@H]1CN(C(=O)O1)c1ccc(N2CCOCC2)c(F)c1,CC(=O)NC[C@H]1CN(c2ccc(N3CCOCC3)c(F)c2)C(=O)O1
Target411,CC12CCC3C(CCC4=CC(=O)CCC34C)C1CCC2OC(=O)c1ccccc1,CC12CCC(=O)C=C1CCC1C2CCC2(C)C(OC(=O)c3ccccc3)CCC12
Target42,C1CN2C(CN1)c1ccccc1Cc1cccnc21,c1ccc2c(c1)Cc1cccnc1N1CCNCC21
Target422,OC(=O)c1cn(C2CC2)c2cc(N3CCNCC3)c(F)cc2c1=O,O=C(O)c1cn(C2CC2)c2cc(N3CCNCC3)c(F)cc2c1=O
Target43,CN1C2CCC1C(C(C2)OC(=O)C3=CC=CC=C3)C(=O)O,CN1C2CCC1C(C(=O)O)C(OC(=O)c1ccccc1)C2
Target435,Clc1ncc(cc1)CN(C(=NC#N)C)C,CC(=NC#N)N(C)Cc1ccc(Cl)nc1
Target438,CC(C)(C)Nc1nc(N)nc(Cl)n1,CC(C)(C)Nc1nc(N)nc(Cl)n1
Target44,[O-][N+](C)(C)C[C@H]2CCCC[C@]2(O)c1cc(OC)ccc1,COc1cccc([C@@]2(O)CCCC[C@@H]2C[N+](C)(C)[O-])c1
Target442,c1(nc(nc(n1)Cl)NCC)NC(C)(C)C,CCNc1nc(Cl)nc(NC(C)(C)C)n1
Target45,COC(=O)Nc1[nH]c2ccc(cc2n1)S(=O)c3ccccc3,COC(=O)Nc1nc2cc([S+]([O-])c3ccccc3)ccc2[nH]1
Target46,CCC1=CC=CC(=C1N(C(C)COC)C(=O)CCl)C,CCc1cccc(C)c1N(C(=O)CCl)C(C)COC
Target462,CC1=CSC(=C1N(C(C)COC)C(=O)CCl)C,COCC(C)N(C(=O)CCl)c1c(C)csc1C
Target47,CC(C)(C)CC(C)(C)c1ccc(O)cc1,CC(C)(C)CC(C)(C)c1ccc(O)cc1
Target478,C[C@]12CC[C@H]3[C@H]([C@@H]1CCC2=O)CCC4=C3C=CC(=C4)O,C[C@]12CC[C@@H]3c4ccc(O)cc4CC[C@H]3[C@@H]1CCC2=O
Target48,C(C(C(C(C(F)(F)S(=O)(=O)O)(F)F)(F)F)(F)F)(C(C(C(F)(F)F)(F)F)(F)F)(F)F,O=S(=O)(O)C(F)(F)C(F)(F)C(F)(F)C(F)(F)C(F)(F)C(F)(F)C(F)(F)C(F)(F)F
Target49,CN1CCN2C(C1)C1=CC=CC=C1CC1=CC(O)=CN=C21,CN1CCN2c3ncc(O)cc3Cc3ccccc3C2C1
Target497,Clc1c(OP(=S)(OCC)OCC)nc(Cl)c(Cl)c1,CCOP(=S)(OCC)Oc1nc(Cl)c(Cl)cc1Cl
Target5,CCCCCCCCCCCC[N+](C)(C)[O-],CCCCCCCCCCCC[N+](C)(C)[O-]
Target50,CN1C(=O)CN=C(C2=C1C=CC(=C2)N)C3=CC=CC=C3F,CN1C(=O)CN=C(c2ccccc2F)c2cc(N)ccc21
Target500,CC(C)N(C(C)C)C(=O)SCC(=C(Cl)Cl)Cl,CC(C)N(C(=O)SCC(Cl)=C(Cl)Cl)C(C)C
Target501,ClC(Cl)=C(c1ccc(Cl)cc1)c1ccccc1Cl,ClC(Cl)=C(c1ccc(Cl)cc1)c1ccccc1Cl
Target502,ClC(Cl)=C(c1ccc(Cl)cc1)c1ccc(Cl)cc1,ClC(Cl)=C(c1ccc(Cl)cc1)c1ccc(Cl)cc1
Target503,ClC(Cl)C(c1ccc(Cl)cc1)c1ccc(Cl)cc1,Clc1ccc(C(c2ccc(Cl)cc2)C(Cl)Cl)cc1
Target504,ClC(Cl)C(c1ccc(Cl)cc1)c1ccccc1Cl,Clc1ccc(C(c2ccccc2Cl)C(Cl)Cl)cc1
Target505,Clc1ccc(cc1)C(c1ccccc1Cl)C(Cl)(Cl)Cl,Clc1ccc(C(c2ccccc2Cl)C(Cl)(Cl)Cl)cc1
Target506,Clc1ccc(cc1)C(c1ccc(Cl)cc1)C(Cl)(Cl)Cl,Clc1ccc(C(c2ccc(Cl)cc2)C(Cl)(Cl)Cl)cc1
Target51,CCN1CCCC1CNC(=O)C2=CC(=C(C=C2OC)N)S(=O)(=O)CC,CCN1CCCC1CNC(=O)c1cc(S(=O)(=O)CC)c(N)cc1OC
Target510,Clc1c(Cl)c(C#N)c(Cl)c(C#N)c1Cl,N#Cc1c(Cl)c(Cl)c(Cl)c(C#N)c1Cl
Target519,OC1=CC=CC=C1C1=CC=CC=C1,Oc1ccccc1-c1ccccc1
Target52,C[C@]([C@H]1C[C@@]23CC[C@@]1([C@H]4[C@@]25CC[N@@]([C@@H]3CC6=C5C(=C(C=C6)O)O4)CC7CC7)OC)(C(C)(C)C)O,CO[C@]12CC[C@@]3(C[C@@H]1[C@](C)(O)C(C)(C)C)[C@H]1Cc4ccc(O)c5c4[C@@]3(CCN1CC1CC1)[C@H]2O5
Target525,[C@@H]1([C@@H]([C@@H]([C@H]([C@H]([C@@H]1Cl)Cl)Cl)Cl)Cl)Cl,Cl[C@H]1[C@H](Cl)[C@@H](Cl)[C@H](Cl)[C@H](Cl)[C@H]1Cl
Target526,[C@@H]1([C@@H]([C@H]([C@@H]([C@H]([C@@H]1Cl)Cl)Cl)Cl)Cl)Cl,Cl[C@H]1[C@H](Cl)[C@@H](Cl)[C@H](Cl)[C@@H](Cl)[C@@H]1Cl
Target527,[C@@H]1([C@@H]([C@@H]([C@@H]([C@H]([C@@H]1Cl)Cl)Cl)Cl)Cl)Cl,Cl[C@H]1[C@H](Cl)[C@@H](Cl)[C@H](Cl)[C@@H](Cl)[C@H]1Cl
Target528,[C@@H]1([C@@H]([C@@H]([C@@H]([C@H]([C@H]1Cl)Cl)Cl)Cl)Cl)Cl,Cl[C@H]1[C@H](Cl)[C@H](Cl)[C@H](Cl)[C@@H](Cl)[C@H]1Cl
Target529,ClC1C(Cl)C(Cl)C(Cl)C(Cl)C1Cl,ClC1C(Cl)C(Cl)C(Cl)C(Cl)C1Cl
Target53,CCC(=O)N(C1CCN(CCC2=CC=CC=C2)CC1)C1=CC=CC=C1,CCC(=O)N(c1ccccc1)C1CCN(CCc2ccccc2)CC1
Target531,CC1(C(C1C(=O)OC(C#N)C2=CC(=CC=C2)OC3=CC=CC=C3)C=C(Cl)Cl)C,CC1(C)C(C=C(Cl)Cl)C1C(=O)OC(C#N)c1cccc(Oc2ccccc2)c1
Target532,CCCCC(CC)COP(=O)(OCC(CC)CCCC)OCC(CC)CCCC,CCCCC(CC)COP(=O)(OCC(CC)CCCC)OCC(CC)CCCC
Target533,CCCCOP(=O)(OCCCC)OCCCC,CCCCOP(=O)(OCCCC)OCCCC
Target534,CC1=CC(=CC(=C1)P(C2=CC(=CC(=C2)C)C)C3=CC(=CC(=C3)C)C)C,Cc1cc(C)cc(P(c2cc(C)cc(C)c2)c2cc(C)cc(C)c2)c1
Target535,CC(C)COP(=O)(OCC(C)C)OCC(C)C,CC(C)COP(=O)(OCC(C)C)OCC(C)C
Target536,CCCCC(CC)COP(=O)(Oc1ccccc1)Oc1ccccc1,CCCCC(CC)COP(=O)(Oc1ccccc1)Oc1ccccc1
Target537,ClCCOP(=O)(OCCCl)OCCCl,O=P(OCCCl)(OCCCl)OCCCl
Target538,C(C(CCl)OP(=O)(OC(CCl)CCl)OC(CCl)CCl)Cl,O=P(OC(CCl)CCl)(OC(CCl)CCl)OC(CCl)CCl
Target539,CCCCOCCOP(=O)(OCCOCCCC)OCCOCCCC,CCCCOCCOP(=O)(OCCOCCCC)OCCOCCCC
Target54,c1ccc(cc1)OP(=O)(Oc2ccccc2)Oc3ccccc3,O=P(Oc1ccccc1)(Oc1ccccc1)Oc1ccccc1
Target540,CC(CCl)OP(=O)(OC(C)CCl)OC(C)CCl,CC(CCl)OP(=O)(OC(C)CCl)OC(C)CCl
Target541,Cc1ccc(cc1)OP(=O)(Oc2ccc(cc2)C)Oc3ccc(cc3)C,Cc1ccc(OP(=O)(Oc2ccc(C)cc2)Oc2ccc(C)cc2)cc1
Target542,CCCCCCCCCC1=CC=CC=C1OP(OC2=CC=CC=C2CCCCCCCCC)OC3=CC=CC=C3CCCCCCCCC,CCCCCCCCCc1ccccc1OP(Oc1ccccc1CCCCCCCCC)Oc1ccccc1CCCCCCCCC
Target543,CC(C)OP(=O)(OC(C)C)OC(C)C,CC(C)OP(=O)(OC(C)C)OC(C)C
Target544,[H][C@@]12CC[C@H](O)[C@@]1(C)CC[C@]1([H])C3=CC=C(O)C=C3CC[C@@]21[H],C[C@]12CC[C@@H]3c4ccc(O)cc4CC[C@H]3[C@@H]1CC[C@@H]2O
Target55,CCOC(=O)c1ccccc1C(=O)OCC,CCOC(=O)c1ccccc1C(=O)OCC
Target56,CCC(C)OC(=O)N1CCCCC1CCO,CCC(C)OC(=O)N1CCCCC1CCO
Target57,c1(c(ccc(c1)NC(N(C)C)=O)C)Cl,Cc1ccc(NC(=O)N(C)C)cc1Cl
Target59,CC(C)Nc1nc(N)nc(Cl)n1,CC(C)Nc1nc(N)nc(Cl)n1
Target6,CCCCCCCCCCCC(=O)N(CCO)CCO,CCCCCCCCCCCC(=O)N(CCO)CCO
Target60,C(C1C(C(C(C(O1)OC2(C(C(C(O2)CCl)O)O)CCl)O)O)Cl)O,OCC1OC(OC2(CCl)OC(CCl)C(O)C2O)C(O)C(O)C1Cl
Target61,C1=CC=C(C(=C1)C(=O)O)O,O=C(O)c1ccccc1O
Target62,c12c(C(N(C(C)C)S(N1)(=O)=O)=O)cccc2,CC(C)N1C(=O)c2ccccc2NS1(=O)=O
Target63,O=C2N1/C(=C(/Cl)CS[C@@H]1[C@@H]2NC(=O)[C@@H](c3ccccc3)N)C(=O)O,N[C@@H](C(=O)N[C@@H]1C(=O)N2C(C(=O)O)=C(Cl)CS[C@H]12)c1ccccc1
Target65,c1(S(Nc2ccccn2)(=O)=O)ccc(N)cc1,Nc1ccc(S(=O)(=O)Nc2ccccn2)cc1
Target66,CN(C)CCCN1c2ccccc2CCc3c1cc(cc3)Cl,CN(C)CCCN1c2ccccc2CCc2ccc(Cl)cc21
Target67,C/N=C1/C[N+](=C(c2cc(ccc2N1)Cl)c3ccccc3)[O-],C/N=C1/C[N+]([O-])=C(c2ccccc2)c2cc(Cl)ccc2N1
Target68,OC1N=C(c2ccccc2)c2cc(Cl)ccc2NC1=O,O=C1Nc2ccc(Cl)cc2C(c2ccccc2)=NC1O
Target69,O=S(=O)(N)c1cc(c(OC)cc1)C(=O)NCC2N(CC)CCC2,CCN1CCCC1CNC(=O)c1cc(S(N)(=O)=O)ccc1OC
Target7,CCCCCCCCCCCCOCCOCCOCCOCCO,CCCCCCCCCCCCOCCOCCOCCOCCO
Target70,CCC(=O)N(C1CCNCC1)C2=CC=CC=C2,CCC(=O)N(c1ccccc1)C1CCNCC1
Target71,Cc1ccsc1C(=CCCN1CCC[C@H](C1)C(O)=O)c1sccc1C,Cc1ccsc1C(=CCCN1CCC[C@@H](C(=O)O)C1)c1sccc1C
Target73,O=C2C(NC=O)=C(C)N(C)N2c1ccccc1,Cc1c(NC=O)c(=O)n(-c2ccccc2)n1C
Target74,NC(=O)N1c2ccccc2[C@H](O)[C@@H](O)c2ccccc12,NC(=O)N1c2ccccc2[C@H](O)[C@@H](O)c2ccccc21
Target75,CC2(C)c1cc3C(=O)OCC(C)c3cc1C(C)(C)C2C,CC1COC(=O)c2cc3c(cc21)C(C)(C)C(C)C3(C)C
Target76,CCOC(=O)CC(O)(CC(=O)OCC)C(=O)OCC,CCOC(=O)CC(O)(CC(=O)OCC)C(=O)OCC
Target77,O=C1CC2(CCCCC2)CN1,O=C1CC2(CCCCC2)CN1
Target78,CC(C)(C)NCC(O)c1ccc(O)c(NC(N)=O)c1,CC(C)(C)NCC(O)c1ccc(O)c(NC(N)=O)c1
Target8,CN1C(=C(C2=CC=CC=C2S1(=O)=O)O)C(=O)NC3=CC=CC=N3,CN1C(C(=O)Nc2ccccn2)=C(O)c2ccccc2S1(=O)=O
Target80,OC2(C(c1ccc(O)cc1)CNC)CCCCC2,CNCC(c1ccc(O)cc1)C1(O)CCCCC1
Target81,COC(=O)NC1=NC2=CC=CC=C2N1,COC(=O)Nc1nc2ccccc2[nH]1
Target83,N(c1c(cccc1C)C)(Cn1cccn1)C(CCl)=O,Cc1cccc(C)c1N(Cn1cccn1)C(=O)CCl
Target88,OC1=C([N+]([O-])=O)C=C([N+]([O-])=O)C=C1C(C)CC,CCC(C)c1cc([N+](=O)[O-])cc([N+](=O)[O-])c1O
Target9,CC1=C(SCCO1)C(=O)Nc1ccccc1,CC1=C(C(=O)Nc2ccccc2)SCCO1
Target92,CC[C@H]1OC(=O)[C@H](C)[C@@H](O[C@H]2C[C@@](C)(OC)[C@@H](O)[C@H](C)O2)C(C)[C@@H](O[C@@H]3O[C@H](C)C[C@@H]([C@H]3O)N(C)C)[C@](C)(O)C[C@@H](C)CN(C)[C@H](C)[C@@H](O)[C@]1(C)O,CC[C@H]1OC(=O)[C@H](C)[C@@H](O[C@H]2C[C@@](C)(OC)[C@@H](O)[C@H](C)O2)C(C)[C@@H](O[C@@H]2O[C@H](C)C[C@H](N(C)C)[C@H]2O)[C@](C)(O)C[C@@H](C)CN(C)[C@H](C)[C@@H](O)[C@]1(C)O
Target93,CC[C@@H]1[C@@]([C@@H]([C@H](C(=O)[C@@H](C[C@@]([C@@H]([C@H]([C@@H]([C@H](C(=O)O1)C)O[C@H]2C[C@@]([C@H]([C@@H](O2)C)O)(C)OC)C)O[C@H]3[C@@H]([C@H](C[C@H](O3)C)N(C)C)O)(C)OC)C)C)O)(C)O,CC[C@H]1OC(=O)[C@H](C)[C@@H](O[C@H]2C[C@@](C)(OC)[C@@H](O)[C@H](C)O2)[C@H](C)[C@@H](O[C@@H]2O[C@H](C)C[C@H](N(C)C)[C@H]2O)[C@](C)(OC)C[C@@H](C)C(=O)[C@H](C)[C@@H](O)[C@]1(C)O
Target95,CC1=NC=C(N1CCO)[N+]([O-])=O,Cc1ncc([N+](=O)[O-])n1CCO
Target96,COC1=CC(CC2=CN=C(N)N=C2N)=CC(OC)=C1OC,COc1cc(Cc2cnc(N)nc2N)cc(OC)c1OC
Target97,CC1(C(N2C(S1)C(C2=O)NC(=O)C(C3=CC=CC=C3)N)C(=O)O)C,CC1(C)SC2C(NC(=O)C(N)c3ccccc3)C(=O)N2C1C(=O)O
Target98,Cc1onc(c1C(=O)NC1C2SC(C)(C)C(N2C1=O)C(O)=O)-c1c(Cl)cccc1Cl,Cc1onc(-c2c(Cl)cccc2Cl)c1C(=O)NC1C(=O)N2C1SC(C)(C)C2C(=O)O
Target99,CC1(C)SC2C(NC(=O)C(N)c3ccc(O)cc3)C(=O)N2C1C(O)=O,CC1(C)SC2C(NC(=O)C(N)c3ccc(O)cc3)C(=O)N2C1C(=O)O
